text,label
你好 謝謝,聊天
你好,聊天
我想知道一些資訊 謝謝,模糊
可以我想要資訊嗎,模糊
午安 謝謝,聊天
可以今天天氣不錯嗎,聊天
你好 謝謝,聊天
可以顯示隱藏檔案嗎,操作
怎麼切回家目錄 謝謝,教學
怎麼看目前時間,教學
怎麼看目前時間 謝謝,教學
請幫我顯示東西,模糊
查看當前資料夾要怎麼做 謝謝,教學
我想我想要資訊,模糊
我想我要用一下,模糊
如何檢查磁碟空間,教學
請幫我你好,聊天
能不能查看記憶體,操作
幫我一下一下,模糊
我想晚安,聊天
請幫我我要查東西,模糊
我想知道一些資訊一下,模糊
你好 謝謝,聊天
能不能我要用一下,模糊
系統運作時間,操作
我想我要用一下,模糊
如何重開機 謝謝,教學
我有點想睡 謝謝,聊天
目前在哪裡 謝謝,操作
顯示磁碟空間,操作
可以如何重開機嗎,教學
重啟系統 謝謝,操作
能不能查一下一下,模糊
請幫我查看當前資料夾要怎麼做,教學
能不能能不能查一下,模糊
請幫我請教我查詢登入使用者的方法,教學
可以幫忙嗎一下,模糊
我想切換到家目錄,操作
切換到家目錄 謝謝,操作
可以系統運作時間嗎,操作
可以我想知道一些資訊嗎,模糊
今天天氣不錯,聊天
能不能請教我查詢登入使用者的方法,教學
請幫我列出資料夾,操作
怎麼看目前時間 謝謝,教學
列出資料夾,操作
請幫我目前在哪裡,操作
我想幫我一下,模糊
午安 謝謝,聊天
查看系統時間,操作
怎麼切回家目錄 謝謝,教學
請幫我可以幫忙嗎,模糊
能不能我今天很累,聊天
請幫我教我怎麼查看記憶體,教學
可以幫忙嗎 謝謝,模糊
可以顯示目前目錄嗎,操作
請幫我你會不會用指令,模糊
我想我今天很累,聊天
如何重開機,教學
請教我查詢登入使用者的方法,教學
請幫我午安,聊天
你會不會用指令 謝謝,模糊
查看當前資料夾要怎麼做一下,教學
能不能幫我操作一下,模糊
請幫我幫我一下,模糊
能不能顯示磁碟空間,操作
我想知道一些資訊 謝謝,模糊
請幫我查看記憶體,操作
可以我有點想睡嗎,聊天
切換到家目錄 謝謝,操作
你可以幫我什麼,聊天
我要用一下,模糊
我想要資訊 謝謝,模糊
我想如何檢查磁碟空間,教學
如何檢查磁碟空間 謝謝,教學
你會不會用指令,模糊
怎麼看目前時間一下,教學
幫我操作一下,模糊
我想你會什麼,聊天
我今天很累 謝謝,聊天
請幫我幫我操作一下,模糊
可以目前在哪裡嗎,操作
我想查看記憶體,操作
如何重開機 謝謝,教學
可以早安嗎,聊天
午安,聊天
能不能能不能查一下,模糊
可以怎麼看目前時間嗎,教學
請教我查詢登入使用者的方法,教學
如何重開機 謝謝,教學
查看記憶體一下,操作
重啟系統 謝謝,操作
請幫我能不能查一下,模糊
我想幫我一下,模糊
查看系統時間,操作
可以查看當前資料夾要怎麼做嗎,教學
請幫我顯示目前目錄,操作
可以可以幫忙嗎嗎,模糊
可以怎麼看目前時間嗎,教學
怎麼切回家目錄 謝謝,教學
我想要資訊 謝謝,模糊
能不能顯示目前目錄,操作
能不能能不能查一下,模糊
能不能你是誰,聊天
我想你喜歡Linux嗎,聊天
可以列出資料夾嗎,操作
午安 謝謝,聊天
教我怎麼查看記憶體 謝謝,教學
查看目前登入者一下,操作
我想查看當前資料夾要怎麼做,教學
請幫我查看當前資料夾要怎麼做,教學
顯示東西 謝謝,模糊
顯示東西一下,模糊
請教我查詢登入使用者的方法 謝謝,教學
檢查磁碟空間一下,操作
可以查看目前登入者嗎,操作
能不能顯示磁碟空間,操作
我要用一下一下,模糊
請教我查詢登入使用者的方法 謝謝,教學
顯示磁碟空間,操作
顯示磁碟空間 謝謝,操作
請幫我晚安,聊天
請幫我教我怎麼查看記憶體,教學
請幫我我想知道一些資訊,模糊
查看記憶體 謝謝,操作
能不能查看當前資料夾要怎麼做,教學
請幫我我想知道一些資訊,模糊
能不能查看記憶體,操作
怎麼列出檔案,教學
可以顯示目前目錄嗎,操作
教我怎麼查看記憶體 謝謝,教學
目前在哪裡,操作
我想如何重開機,教學
我想重啟系統,操作
能不能能不能查一下,模糊
我想你喜歡Linux嗎,聊天
重啟系統,操作
能不能教我怎麼查看記憶體,教學
請幫我教我怎麼查看記憶體,教學
你會什麼 謝謝,聊天
查看系統時間 謝謝,操作
我想你是誰,聊天
如何重開機 謝謝,教學
請幫我檢查磁碟空間,操作
能不能查一下,模糊
可以檢查磁碟空間嗎,操作
我今天很累,聊天
我想要資訊 謝謝,模糊
顯示目前目錄一下,操作
列出資料夾 謝謝,操作
能不能如何檢查磁碟空間,教學
查看當前資料夾要怎麼做,教學
你可以幫我什麼 謝謝,聊天
請教我查詢登入使用者的方法 謝謝,教學
請幫我顯示磁碟空間,操作
能不能查看系統時間,操作
能不能檢查磁碟空間,操作
請幫我切換到家目錄,操作
可以列出資料夾嗎,操作
你會不會用指令一下,模糊
能不能顯示隱藏檔案,操作
請幫我午安,聊天
你會什麼 謝謝,聊天
我要用一下 謝謝,模糊
切換到家目錄一下,操作
幫我一下 謝謝,模糊
可以晚安嗎,聊天
請幫我教我怎麼查看記憶體,教學
能不能你可以幫我什麼,聊天
你吃飯了嗎,聊天
能不能跟我聊聊天,聊天
可以如何檢查運作時間嗎,教學
可以查看當前資料夾要怎麼做嗎,教學
切換到家目錄 謝謝,操作
幫我操作一下,模糊
列出資料夾 謝謝,操作
可以如何檢查運作時間嗎,教學
跟我聊聊天,聊天
今天天氣不錯 謝謝,聊天
我想知道一些資訊 謝謝,模糊
能不能幫我操作一下,模糊
請幫我幫我操作一下,模糊
目前時間,操作
我要查東西一下,模糊
我想重啟系統,操作
目前在哪裡,操作
能不能如何檢查磁碟空間,教學
顯示目前目錄一下,操作
幫我一下,模糊
能不能可以幫忙嗎,模糊
可以可以幫忙嗎嗎,模糊
請幫我怎麼列出檔案,教學
我今天很累,聊天
我想請教我查詢登入使用者的方法,教學
跟我聊聊天 謝謝,聊天
目前時間 謝謝,操作
我想目前在哪裡,操作
我想午安,聊天
請幫我請教我查詢登入使用者的方法,教學
請幫我查看系統時間,操作
我有點想睡,聊天
請幫我我今天很累,聊天
可以怎麼列出檔案嗎,教學
幫我一下一下,模糊
目前時間,操作
可以如何檢查磁碟空間嗎,教學
我想怎麼看目前時間,教學
請幫我怎麼切回家目錄,教學
我想我想要資訊,模糊
我想如何檢查運作時間,教學
可以目前時間嗎,操作
列出資料夾 謝謝,操作
系統運作時間一下,操作
請幫我顯示目前目錄,操作
我想午安,聊天
請幫我檢查磁碟空間,操作
我想檢查磁碟空間,操作
我想知道一些資訊 謝謝,模糊
我想幫我操作一下,模糊
如何重開機一下,教學
請幫我顯示磁碟空間,操作
能不能我今天很累,聊天
能不能你吃飯了嗎,聊天
能不能顯示東西,模糊
我要查東西 謝謝,模糊
能不能你會什麼,聊天
我想重啟系統,操作
如何檢查磁碟空間一下,教學
列出資料夾,操作
能不能你吃飯了嗎,聊天
我想你可以幫我什麼,聊天
今天天氣不錯 謝謝,聊天
你好,聊天
我想你可以幫我什麼,聊天
請幫我我今天很累,聊天
可以能不能查一下嗎,模糊
能不能幫我一下,模糊
請幫我如何檢查磁碟空間,教學
顯示隱藏檔案一下,操作
能不能早安,聊天
能不能我想知道一些資訊,模糊
我想我想知道一些資訊,模糊
能不能如何重開機,教學
重啟系統,操作
午安 謝謝,聊天
你是誰一下,聊天
目前在哪裡 謝謝,操作
請教我查詢登入使用者的方法 謝謝,教學
顯示東西一下,模糊
今天天氣不錯一下,聊天
能不能我要用一下,模糊
可以我想要資訊嗎,模糊
可以查看記憶體嗎,操作
請幫我目前在哪裡,操作
跟我聊聊天 謝謝,聊天
能不能怎麼列出檔案,教學
請幫我我要查東西,模糊
我想檢查磁碟空間,操作
可以幫我一下嗎,模糊
我想我要用一下,模糊
我有點想睡,聊天
可以怎麼列出檔案嗎,教學
我要用一下,模糊
能不能你是誰,聊天
顯示磁碟空間,操作
查看系統時間一下,操作
查看系統時間一下,操作
能不能如何檢查磁碟空間,教學
如何檢查運作時間,教學
請幫我能不能查一下,模糊
我想如何檢查運作時間,教學
能不能早安,聊天
查看目前登入者一下,操作
能不能我想要資訊,模糊
能不能重啟系統,操作
能不能幫我一下,模糊
查看記憶體 謝謝,操作
切換到家目錄,操作
查看當前資料夾要怎麼做 謝謝,教學
我想顯示目前目錄,操作
請幫我你會不會用指令,模糊
能不能幫我操作一下,模糊
我想早安,聊天
能不能你好,聊天
你可以幫我什麼一下,聊天
我想如何檢查磁碟空間,教學
請幫我顯示隱藏檔案,操作
能不能怎麼看目前時間,教學
請幫我我想要資訊,模糊
顯示磁碟空間 謝謝,操作
你是誰一下,聊天
請教我查詢登入使用者的方法,教學
可以我今天很累嗎,聊天
可以查看系統時間嗎,操作
請幫我你會不會用指令,模糊
顯示隱藏檔案,操作
可以幫忙嗎一下,模糊
你喜歡Linux嗎,聊天
我想要資訊 謝謝,模糊
我想可以幫忙嗎,模糊
我想午安,聊天
請幫我切換到家目錄,操作
顯示東西,模糊
顯示隱藏檔案一下,操作
我想教我怎麼查看記憶體,教學
我想顯示目前目錄,操作
我想要資訊,模糊
我想查看當前資料夾要怎麼做,教學
可以你吃飯了嗎嗎,聊天
我想請教我查詢登入使用者的方法,教學
我想查看系統時間,操作
請幫我午安,聊天
可以系統運作時間嗎,操作
怎麼切回家目錄 謝謝,教學
你好一下,聊天
我想切換到家目錄,操作
我想如何檢查磁碟空間,教學
你喜歡Linux嗎,聊天
可以你可以幫我什麼嗎,聊天
可以顯示隱藏檔案嗎,操作
請幫我早安,聊天
你是誰一下,聊天
列出資料夾,操作
能不能如何檢查運作時間,教學
系統運作時間,操作
查看當前資料夾要怎麼做 謝謝,教學
能不能怎麼切回家目錄,教學
可以目前時間嗎,操作
我想要資訊 謝謝,模糊
請幫我檢查磁碟空間,操作
請教我查詢登入使用者的方法 謝謝,教學
幫我一下 謝謝,模糊
能不能我要用一下,模糊
請幫我今天天氣不錯,聊天
我想跟我聊聊天,聊天
查看當前資料夾要怎麼做,教學
怎麼看目前時間一下,教學
你會不會用指令,模糊
可以今天天氣不錯嗎,聊天
請幫我查看當前資料夾要怎麼做,教學
你可以幫我什麼一下,聊天
我想查看當前資料夾要怎麼做,教學
今天天氣不錯,聊天
我想能不能查一下,模糊
能不能查一下一下,模糊
列出資料夾 謝謝,操作
可以顯示東西嗎,模糊
我想重啟系統,操作
能不能教我怎麼查看記憶體,教學
查看目前登入者一下,操作
我想幫我操作一下,模糊
我想查看目前登入者,操作
我想查看目前登入者,操作
晚安 謝謝,聊天
能不能目前在哪裡,操作
我想怎麼切回家目錄,教學
可以你喜歡Linux嗎嗎,聊天
我想怎麼切回家目錄,教學
可以顯示磁碟空間嗎,操作
系統運作時間 謝謝,操作
顯示隱藏檔案,操作
切換到家目錄,操作
可以你是誰嗎,聊天
我想能不能查一下,模糊
請幫我可以幫忙嗎,模糊
能不能列出資料夾,操作
可以我想要資訊嗎,模糊
能不能怎麼列出檔案,教學
可以我想要資訊嗎,模糊
我想顯示東西,模糊
怎麼切回家目錄一下,教學
我想教我怎麼查看記憶體,教學
能不能能不能查一下,模糊
可以怎麼切回家目錄嗎,教學
查看目前登入者 謝謝,操作
我想我想要資訊,模糊
你喜歡Linux嗎一下,聊天
可以怎麼切回家目錄嗎,教學
能不能查看系統時間,操作
能不能你吃飯了嗎,聊天
請幫我我要查東西,模糊
今天天氣不錯 謝謝,聊天
如何檢查運作時間 謝謝,教學
可以幫我一下嗎,模糊
可以如何檢查磁碟空間嗎,教學
我想怎麼列出檔案,教學
我想要資訊一下,模糊
怎麼列出檔案一下,教學
可以我想要資訊嗎,模糊
請幫我怎麼切回家目錄,教學
我想我要查東西,模糊
早安 謝謝,聊天
我想午安,聊天
你是誰一下,聊天
我想知道一些資訊 謝謝,模糊
可以跟我聊聊天嗎,聊天
你喜歡Linux嗎 謝謝,聊天
切換到家目錄,操作
我想你喜歡Linux嗎,聊天
你會什麼一下,聊天
可以幫忙嗎一下,模糊
能不能如何重開機,教學
請幫我怎麼看目前時間,教學
你會什麼,聊天
能不能查一下一下,模糊
幫我一下,模糊
可以我想要資訊嗎,模糊
你喜歡Linux嗎一下,聊天
幫我操作一下,模糊
我想你可以幫我什麼,聊天
重啟系統 謝謝,操作
請幫我可以幫忙嗎,模糊
我想切換到家目錄,操作
列出資料夾,操作
如何檢查運作時間一下,教學
請幫我你吃飯了嗎,聊天
顯示磁碟空間,操作
能不能我想知道一些資訊,模糊
你會不會用指令一下,模糊
我有點想睡 謝謝,聊天
怎麼看目前時間 謝謝,教學
請幫我顯示隱藏檔案,操作
我想我要用一下,模糊
請幫我怎麼看目前時間,教學
可以如何檢查運作時間嗎,教學
查看目前登入者 謝謝,操作
我想目前時間,操作
顯示隱藏檔案 謝謝,操作
能不能顯示東西,模糊
請幫我能不能查一下,模糊
請幫我請教我查詢登入使用者的方法,教學
我想查看目前登入者,操作
可以我今天很累嗎,聊天
請幫我如何檢查運作時間,教學
如何檢查磁碟空間,教學
請幫我列出資料夾,操作
切換到家目錄,操作
請幫我我要用一下,模糊
能不能顯示東西,模糊
顯示隱藏檔案,操作
請幫我我想知道一些資訊,模糊
如何檢查磁碟空間,教學
可以查看當前資料夾要怎麼做嗎,教學
我想教我怎麼查看記憶體,教學
我想我今天很累,聊天
目前在哪裡,操作
請幫我晚安,聊天
我想如何重開機,教學
請幫我晚安,聊天
請幫我幫我操作一下,模糊
如何檢查磁碟空間一下,教學
重啟系統 謝謝,操作
請幫我查看記憶體,操作
請幫我你吃飯了嗎,聊天
可以你會不會用指令嗎,模糊
可以顯示隱藏檔案嗎,操作
我要查東西 謝謝,模糊
請幫我幫我操作一下,模糊
幫我一下一下,模糊
我想我要查東西,模糊
怎麼切回家目錄 謝謝,教學
午安,聊天
請幫我查看記憶體,操作
我今天很累,聊天
可以怎麼看目前時間嗎,教學
可以你會什麼嗎,聊天
目前時間 謝謝,操作
能不能你是誰,聊天
可以怎麼切回家目錄嗎,教學
我想幫我操作一下,模糊
目前時間,操作
請幫我如何檢查磁碟空間,教學
查看目前登入者一下,操作
可以查看記憶體嗎,操作
我想怎麼列出檔案,教學
我想要資訊 謝謝,模糊
午安 謝謝,聊天
請教我查詢登入使用者的方法一下,教學
可以我要查東西嗎,模糊
我想要資訊,模糊
我想怎麼看目前時間,教學
我想查看記憶體,操作
列出資料夾 謝謝,操作
可以查看當前資料夾要怎麼做嗎,教學
怎麼看目前時間 謝謝,教學
我想午安,聊天
查看目前登入者,操作
今天天氣不錯一下,聊天
我想你吃飯了嗎,聊天
可以教我怎麼查看記憶體嗎,教學
請幫我目前時間,操作
我想我有點想睡,聊天
可以目前在哪裡嗎,操作
能不能怎麼看目前時間,教學
我想你喜歡Linux嗎,聊天
能不能切換到家目錄,操作
請幫我跟我聊聊天,聊天
如何檢查運作時間 謝謝,教學
列出資料夾,操作
我想目前在哪裡,操作
我今天很累 謝謝,聊天
請幫我查看目前登入者,操作
可以你喜歡Linux嗎嗎,聊天
可以可以幫忙嗎嗎,模糊
能不能如何檢查磁碟空間,教學
我想幫我操作一下,模糊
怎麼看目前時間 謝謝,教學
目前在哪裡 謝謝,操作
顯示東西一下,模糊
怎麼列出檔案,教學
能不能查看目前登入者,操作
查看系統時間,操作
你喜歡Linux嗎 謝謝,聊天
能不能我想要資訊,模糊
我想查看系統時間,操作
我想顯示磁碟空間,操作
我想請教我查詢登入使用者的方法,教學
幫我一下一下,模糊
我想要資訊一下,模糊
能不能我有點想睡,聊天
能不能你喜歡Linux嗎,聊天
你可以幫我什麼,聊天
我想你會什麼,聊天
能不能能不能查一下,模糊
顯示目前目錄,操作
能不能早安,聊天
午安,聊天
午安,聊天
如何重開機一下,教學
我想幫我一下,模糊
查看系統時間一下,操作
我想幫我操作一下,模糊
我想你好,聊天
顯示東西一下,模糊
可以請教我查詢登入使用者的方法嗎,教學
能不能顯示東西,模糊
你喜歡Linux嗎,聊天
請幫我查看當前資料夾要怎麼做,教學
查看系統時間 謝謝,操作
可以晚安嗎,聊天
我要用一下一下,模糊
怎麼列出檔案,教學
你好,聊天
可以如何檢查磁碟空間嗎,教學
切換到家目錄 謝謝,操作
我想知道一些資訊 謝謝,模糊
我要查東西 謝謝,模糊
我想系統運作時間,操作
能不能顯示東西,模糊
可以幫我一下嗎,模糊
請教我查詢登入使用者的方法一下,教學
我想如何重開機,教學
可以顯示東西嗎,模糊
系統運作時間,操作
請幫我你吃飯了嗎,聊天
請幫我查看目前登入者,操作
我想我想要資訊,模糊
目前時間 謝謝,操作
能不能檢查磁碟空間,操作
我想怎麼切回家目錄,教學
能不能午安,聊天
請教我查詢登入使用者的方法一下,教學
能不能我想知道一些資訊,模糊
我想顯示東西,模糊
顯示東西 謝謝,模糊
能不能怎麼切回家目錄,教學
查看目前登入者,操作
教我怎麼查看記憶體一下,教學
能不能幫我操作一下,模糊
我想查看系統時間,操作
能不能列出資料夾,操作
能不能如何重開機,教學
我想知道一些資訊,模糊
怎麼切回家目錄 謝謝,教學
跟我聊聊天 謝謝,聊天
查看系統時間,操作
我要查東西 謝謝,模糊
可以怎麼列出檔案嗎,教學
幫我一下一下,模糊
能不能教我怎麼查看記憶體,教學
查看當前資料夾要怎麼做 謝謝,教學
我想你吃飯了嗎,聊天
怎麼看目前時間 謝謝,教學
如何重開機一下,教學
我要用一下,模糊
顯示目前目錄 謝謝,操作
請幫我午安,聊天
能不能今天天氣不錯,聊天
我想顯示隱藏檔案,操作
我有點想睡,聊天
能不能目前在哪裡,操作
顯示隱藏檔案,操作
可以我要查東西嗎,模糊
能不能查一下 謝謝,模糊
幫我操作一下 謝謝,模糊
能不能查看系統時間,操作
怎麼切回家目錄一下,教學
系統運作時間一下,操作
請幫我如何檢查運作時間,教學
顯示東西一下,模糊
目前在哪裡一下,操作
可以檢查磁碟空間嗎,操作
今天天氣不錯 謝謝,聊天
能不能如何檢查運作時間,教學
系統運作時間 謝謝,操作
能不能檢查磁碟空間,操作
你會不會用指令,模糊
可以查看系統時間嗎,操作
顯示目前目錄 謝謝,操作
能不能顯示東西,模糊
我想教我怎麼查看記憶體,教學
可以晚安嗎,聊天
幫我操作一下,模糊
怎麼列出檔案,教學
能不能我要查東西,模糊
午安 謝謝,聊天
今天天氣不錯一下,聊天
早安一下,聊天
請幫我我要用一下,模糊
請幫我顯示東西,模糊
能不能幫我一下,模糊
我想怎麼看目前時間,教學
我想能不能查一下,模糊
我想我想要資訊,模糊
可以可以幫忙嗎嗎,模糊
可以你可以幫我什麼嗎,聊天
能不能能不能查一下,模糊
可以早安嗎,聊天
我有點想睡 謝謝,聊天
請幫我幫我操作一下,模糊
請教我查詢登入使用者的方法一下,教學
請幫我你吃飯了嗎,聊天
我有點想睡 謝謝,聊天
如何檢查磁碟空間,教學
目前時間一下,操作
請幫我今天天氣不錯,聊天
你會不會用指令,模糊
怎麼列出檔案,教學
查看當前資料夾要怎麼做 謝謝,教學
怎麼切回家目錄 謝謝,教學
能不能午安,聊天
請幫我你會不會用指令,模糊
如何檢查運作時間,教學
我想我想知道一些資訊,模糊
請幫我我今天很累,聊天
查看當前資料夾要怎麼做 謝謝,教學
如何重開機 謝謝,教學
我想查看當前資料夾要怎麼做,教學
請幫我顯示目前目錄,操作
怎麼切回家目錄 謝謝,教學
請幫我可以幫忙嗎,模糊
能不能查一下一下,模糊
請幫我怎麼切回家目錄,教學
我想知道一些資訊 謝謝,模糊
可以目前在哪裡嗎,操作
能不能檢查磁碟空間,操作
請幫我如何檢查磁碟空間,教學
幫我操作一下一下,模糊
我想系統運作時間,操作
請幫我我有點想睡,聊天
我想今天天氣不錯,聊天
我想跟我聊聊天,聊天
我想檢查磁碟空間,操作
怎麼切回家目錄,教學
能不能顯示目前目錄,操作
怎麼切回家目錄,教學
你可以幫我什麼一下,聊天
能不能重啟系統,操作
我想查看當前資料夾要怎麼做,教學
能不能目前時間,操作
請幫我目前在哪裡,操作
可以我想知道一些資訊嗎,模糊
顯示磁碟空間 謝謝,操作
可以目前時間嗎,操作
請幫我切換到家目錄,操作
你好一下,聊天
可以我有點想睡嗎,聊天
如何重開機一下,教學
跟我聊聊天,聊天
怎麼看目前時間,教學
查看記憶體,操作
顯示隱藏檔案一下,操作
可以幫忙嗎一下,模糊
請幫我查看系統時間,操作
目前時間 謝謝,操作
我想跟我聊聊天,聊天
你喜歡Linux嗎一下,聊天
能不能查看系統時間,操作
請幫我怎麼切回家目錄,教學
我想如何重開機,教學
可以切換到家目錄嗎,操作
可以可以幫忙嗎嗎,模糊
請幫我請教我查詢登入使用者的方法,教學
請幫我我想要資訊,模糊
請幫我今天天氣不錯,聊天
怎麼列出檔案 謝謝,教學
我想你是誰,聊天
你吃飯了嗎一下,聊天
能不能查看系統時間,操作
能不能幫我一下,模糊
可以請教我查詢登入使用者的方法嗎,教學
查看記憶體一下,操作
顯示磁碟空間 謝謝,操作
請幫我怎麼看目前時間,教學
請幫我你好,聊天
可以查看目前登入者嗎,操作
如何檢查運作時間,教學
能不能查一下,模糊
能不能顯示磁碟空間,操作
如何重開機 謝謝,教學
檢查磁碟空間,操作
如何檢查運作時間一下,教學
能不能顯示東西,模糊
我想我想知道一些資訊,模糊
我要用一下 謝謝,模糊
能不能系統運作時間,操作
查看系統時間 謝謝,操作
怎麼看目前時間一下,教學
能不能顯示東西,模糊
能不能如何檢查磁碟空間,教學
我想幫我一下,模糊
能不能顯示隱藏檔案,操作
查看記憶體一下,操作
教我怎麼查看記憶體 謝謝,教學
可以查看記憶體嗎,操作
可以怎麼切回家目錄嗎,教學
我想我今天很累,聊天
跟我聊聊天 謝謝,聊天
怎麼列出檔案 謝謝,教學
我想如何重開機,教學
系統運作時間,操作
我想怎麼看目前時間,教學
能不能今天天氣不錯,聊天
我想我要用一下,模糊
能不能我想要資訊,模糊
請教我查詢登入使用者的方法,教學
我想如何重開機,教學
如何重開機 謝謝,教學
能不能你是誰,聊天
重啟系統一下,操作
可以怎麼看目前時間嗎,教學
目前在哪裡,操作
教我怎麼查看記憶體 謝謝,教學
你喜歡Linux嗎一下,聊天
晚安,聊天
能不能如何檢查磁碟空間,教學
能不能你喜歡Linux嗎,聊天
請教我查詢登入使用者的方法 謝謝,教學
我今天很累一下,聊天
你可以幫我什麼一下,聊天
我想如何檢查運作時間,教學
怎麼切回家目錄一下,教學
請幫我可以幫忙嗎,模糊
可以我想要資訊嗎,模糊
早安,聊天
我要用一下 謝謝,模糊
你吃飯了嗎一下,聊天
目前時間,操作
請幫我早安,聊天
顯示磁碟空間一下,操作
幫我操作一下 謝謝,模糊
我想顯示磁碟空間,操作
今天天氣不錯一下,聊天
我要用一下,模糊
我要用一下一下,模糊
切換到家目錄 謝謝,操作
我想午安,聊天
請幫我目前在哪裡,操作
請幫我顯示東西,模糊
可以我今天很累嗎,聊天
可以我想要資訊嗎,模糊
怎麼列出檔案一下,教學
請幫我你會什麼,聊天
我想你吃飯了嗎,聊天
能不能查一下一下,模糊
請幫我我要查東西,模糊
能不能查一下一下,模糊
請教我查詢登入使用者的方法一下,教學
我想怎麼切回家目錄,教學
可以系統運作時間嗎,操作
檢查磁碟空間 謝謝,操作
可以午安嗎,聊天
跟我聊聊天,聊天
如何檢查磁碟空間一下,教學
能不能目前在哪裡,操作
你吃飯了嗎 謝謝,聊天
系統運作時間 謝謝,操作
可以查看當前資料夾要怎麼做嗎,教學
我想我想要資訊,模糊
我想我今天很累,聊天
可以顯示東西嗎,模糊
顯示東西,模糊
你會什麼 謝謝,聊天
幫我操作一下,模糊
幫我一下,模糊
我想你可以幫我什麼,聊天
顯示隱藏檔案一下,操作
早安,聊天
我想顯示目前目錄,操作
可以我要查東西嗎,模糊
幫我一下,模糊
早安一下,聊天
我想我有點想睡,聊天
我要用一下 謝謝,模糊
顯示目前目錄 謝謝,操作
請幫我查看記憶體,操作
怎麼列出檔案,教學
能不能怎麼列出檔案,教學
我想幫我一下,模糊
我想怎麼切回家目錄,教學
請幫我你喜歡Linux嗎,聊天
我想我要用一下,模糊
我想教我怎麼查看記憶體,教學
請幫我你是誰,聊天
能不能教我怎麼查看記憶體,教學
可以切換到家目錄嗎,操作
怎麼切回家目錄,教學
可以跟我聊聊天嗎,聊天
我要查東西 謝謝,模糊
請幫我查看目前登入者,操作
怎麼切回家目錄,教學
能不能如何重開機,教學
怎麼看目前時間 謝謝,教學
可以怎麼切回家目錄嗎,教學
可以幫忙嗎 謝謝,模糊
今天天氣不錯,聊天
怎麼列出檔案一下,教學
請幫我怎麼切回家目錄,教學
你會什麼,聊天
能不能如何重開機,教學
我今天很累一下,聊天
我想跟我聊聊天,聊天
可以你是誰嗎,聊天
可以你喜歡Linux嗎嗎,聊天
顯示東西一下,模糊
怎麼看目前時間 謝謝,教學
請幫我你可以幫我什麼,聊天
可以我要查東西嗎,模糊
顯示磁碟空間一下,操作
教我怎麼查看記憶體 謝謝,教學
請幫我今天天氣不錯,聊天
查看記憶體,操作
我想晚安,聊天
我要查東西,模糊
如何重開機一下,教學
請幫我怎麼切回家目錄,教學
可以請教我查詢登入使用者的方法嗎,教學
我想顯示東西,模糊
能不能查看目前登入者,操作
我要用一下一下,模糊
你可以幫我什麼一下,聊天
我想顯示東西,模糊
我想早安,聊天
今天天氣不錯一下,聊天
可以幫我一下嗎,模糊
切換到家目錄 謝謝,操作
可以你會什麼嗎,聊天
能不能我要用一下,模糊
能不能你好,聊天
你喜歡Linux嗎 謝謝,聊天
能不能我今天很累,聊天
可以可以幫忙嗎嗎,模糊
怎麼列出檔案,教學
能不能怎麼切回家目錄,教學
今天天氣不錯一下,聊天
請幫我你會不會用指令,模糊
我想要資訊 謝謝,模糊
今天天氣不錯一下,聊天
能不能能不能查一下,模糊
顯示目前目錄 謝謝,操作
能不能你吃飯了嗎,聊天
系統運作時間 謝謝,操作
請幫我教我怎麼查看記憶體,教學
可以你會不會用指令嗎,模糊
能不能系統運作時間,操作
你會不會用指令 謝謝,模糊
我想系統運作時間,操作
我想如何檢查運作時間,教學
我想查看記憶體,操作
可以晚安嗎,聊天
系統運作時間,操作
你可以幫我什麼 謝謝,聊天
能不能如何重開機,教學
我想怎麼看目前時間,教學
可以怎麼切回家目錄嗎,教學
能不能我要用一下,模糊
幫我操作一下,模糊
我想切換到家目錄,操作
能不能查看當前資料夾要怎麼做,教學
我想要資訊 謝謝,模糊
今天天氣不錯,聊天
能不能查看當前資料夾要怎麼做,教學
請幫我顯示東西,模糊
目前在哪裡一下,操作
我想知道一些資訊,模糊
系統運作時間一下,操作
請幫我如何檢查運作時間,教學
晚安一下,聊天
能不能跟我聊聊天,聊天
我要查東西,模糊
能不能查看當前資料夾要怎麼做,教學
可以你會什麼嗎,聊天
你會不會用指令,模糊
請幫我我今天很累,聊天
你好 謝謝,聊天
我想如何檢查運作時間,教學
可以顯示磁碟空間嗎,操作
跟我聊聊天 謝謝,聊天
請幫我教我怎麼查看記憶體,教學
可以你可以幫我什麼嗎,聊天
教我怎麼查看記憶體 謝謝,教學
能不能目前在哪裡,操作
請幫我你會什麼,聊天
能不能怎麼切回家目錄,教學
我想我有點想睡,聊天
重啟系統 謝謝,操作
我想切換到家目錄,操作
幫我操作一下一下,模糊
早安 謝謝,聊天
我想你好,聊天
我想教我怎麼查看記憶體,教學
查看目前登入者,操作
我有點想睡一下,聊天
可以顯示東西嗎,模糊
列出資料夾一下,操作
可以我想要資訊嗎,模糊
請教我查詢登入使用者的方法 謝謝,教學
請幫我教我怎麼查看記憶體,教學
我想顯示隱藏檔案,操作
可以目前時間嗎,操作
可以你好嗎,聊天
你喜歡Linux嗎 謝謝,聊天
怎麼看目前時間,教學
列出資料夾 謝謝,操作
顯示隱藏檔案一下,操作
我想列出資料夾,操作
可以你好嗎,聊天
查看記憶體一下,操作
幫我一下一下,模糊
能不能顯示目前目錄,操作
能不能幫我一下,模糊
你會不會用指令 謝謝,模糊
能不能系統運作時間,操作
可以幫忙嗎,模糊
可以顯示磁碟空間嗎,操作
我想你吃飯了嗎,聊天
怎麼看目前時間,教學
你是誰,聊天
可以如何檢查運作時間嗎,教學
能不能怎麼看目前時間,教學
我要用一下,模糊
你喜歡Linux嗎 謝謝,聊天
請幫我我要用一下,模糊
我有點想睡 謝謝,聊天
可以早安嗎,聊天
我想你是誰,聊天
你會不會用指令一下,模糊
系統運作時間 謝謝,操作
我想你喜歡Linux嗎,聊天
顯示磁碟空間,操作
請教我查詢登入使用者的方法 謝謝,教學
請幫我你可以幫我什麼,聊天
怎麼看目前時間一下,教學
可以查看當前資料夾要怎麼做嗎,教學
我想我有點想睡,聊天
可以顯示隱藏檔案嗎,操作
跟我聊聊天,聊天
可以目前時間嗎,操作
可以今天天氣不錯嗎,聊天
請幫我晚安,聊天
能不能查一下,模糊
顯示目前目錄 謝謝,操作
可以顯示東西嗎,模糊
顯示東西,模糊
你會不會用指令一下,模糊
我想切換到家目錄,操作
可以如何檢查運作時間嗎,教學
我有點想睡,聊天
教我怎麼查看記憶體一下,教學
可以我要查東西嗎,模糊
可以查看系統時間嗎,操作
我想你好,聊天
可以你會不會用指令嗎,模糊
可以顯示東西嗎,模糊
請幫我查看當前資料夾要怎麼做,教學
你吃飯了嗎 謝謝,聊天
你喜歡Linux嗎 謝謝,聊天
如何重開機,教學
可以切換到家目錄嗎,操作
查看系統時間一下,操作
午安 謝謝,聊天
請幫我如何檢查運作時間,教學
幫我一下一下,模糊
我想我有點想睡,聊天
請幫我目前時間,操作
我想知道一些資訊 謝謝,模糊
請教我查詢登入使用者的方法 謝謝,教學
能不能怎麼看目前時間,教學
我要查東西,模糊
我想查看系統時間,操作
系統運作時間 謝謝,操作
你會不會用指令 謝謝,模糊
顯示目前目錄一下,操作
可以幫我操作一下嗎,模糊
顯示隱藏檔案一下,操作
我想要資訊,模糊
可以我有點想睡嗎,聊天
教我怎麼查看記憶體,教學
目前在哪裡一下,操作
我要查東西 謝謝,模糊
可以怎麼列出檔案嗎,教學
請幫我如何檢查磁碟空間,教學
晚安一下,聊天
你吃飯了嗎 謝謝,聊天
顯示磁碟空間,操作
晚安,聊天
請幫我怎麼切回家目錄,教學
我想顯示東西,模糊
我要用一下,模糊
列出資料夾一下,操作
可以教我怎麼查看記憶體嗎,教學
我今天很累 謝謝,聊天
查看當前資料夾要怎麼做,教學
怎麼列出檔案 謝謝,教學
能不能查一下,模糊
切換到家目錄一下,操作
我想顯示目前目錄,操作
能不能我有點想睡,聊天
晚安 謝謝,聊天
請教我查詢登入使用者的方法,教學
查看系統時間 謝謝,操作
可以你好嗎,聊天
請幫我跟我聊聊天,聊天
我想你會不會用指令,模糊
我有點想睡 謝謝,聊天
我要用一下 謝謝,模糊
我有點想睡 謝謝,聊天
我要查東西一下,模糊
午安,聊天
能不能我想要資訊,模糊
你會不會用指令一下,模糊
我想要資訊,模糊
我想能不能查一下,模糊
怎麼切回家目錄 謝謝,教學
能不能顯示東西,模糊
可以顯示目前目錄嗎,操作
請幫我午安,聊天
能不能顯示東西,模糊
我想切換到家目錄,操作
請幫我你會什麼,聊天
你會什麼 謝謝,聊天
查看記憶體 謝謝,操作
請幫我你可以幫我什麼,聊天
如何重開機,教學
幫我操作一下,模糊
請幫我查看記憶體,操作
可以能不能查一下嗎,模糊
請幫我如何檢查運作時間,教學
能不能教我怎麼查看記憶體,教學
幫我操作一下一下,模糊
查看系統時間,操作
我想怎麼看目前時間,教學
能不能幫我一下,模糊
可以查看當前資料夾要怎麼做嗎,教學
請幫我請教我查詢登入使用者的方法,教學
可以早安嗎,聊天
可以請教我查詢登入使用者的方法嗎,教學
怎麼切回家目錄,教學
我想請教我查詢登入使用者的方法,教學
晚安 謝謝,聊天
能不能教我怎麼查看記憶體,教學
能不能我有點想睡,聊天
我有點想睡一下,聊天
列出資料夾,操作
教我怎麼查看記憶體,教學
請幫我如何檢查磁碟空間,教學
我想顯示隱藏檔案,操作
能不能能不能查一下,模糊
如何檢查磁碟空間一下,教學
能不能顯示東西,模糊
我要用一下,模糊
怎麼看目前時間 謝謝,教學
可以我想知道一些資訊嗎,模糊
查看系統時間,操作
能不能我要用一下,模糊
早安,聊天
請幫我晚安,聊天
我要用一下一下,模糊
請幫我幫我操作一下,模糊
能不能晚安,聊天
能不能我要用一下,模糊
請幫我怎麼列出檔案,教學
你會什麼,聊天
能不能幫我操作一下,模糊
可以列出資料夾嗎,操作
幫我一下一下,模糊
我想你可以幫我什麼,聊天
如何檢查磁碟空間,教學
如何重開機 謝謝,教學
我想我有點想睡,聊天
可以顯示目前目錄嗎,操作
我想請教我查詢登入使用者的方法,教學
能不能目前在哪裡,操作
可以早安嗎,聊天
檢查磁碟空間,操作
可以可以幫忙嗎嗎,模糊
顯示目前目錄 謝謝,操作
能不能你可以幫我什麼,聊天
我有點想睡一下,聊天
我想午安,聊天
怎麼切回家目錄 謝謝,教學
重啟系統一下,操作
怎麼看目前時間一下,教學
我想列出資料夾,操作
我想列出資料夾,操作
如何重開機,教學
晚安 謝謝,聊天
午安一下,聊天
我想查看系統時間,操作
系統運作時間 謝謝,操作
查看記憶體 謝謝,操作
能不能怎麼看目前時間,教學
我想目前時間,操作
跟我聊聊天一下,聊天
可以查看當前資料夾要怎麼做嗎,教學
查看記憶體 謝謝,操作
如何重開機,教學
可以我想知道一些資訊嗎,模糊
請幫我早安,聊天
我想知道一些資訊,模糊
能不能教我怎麼查看記憶體,教學
幫我操作一下 謝謝,模糊
能不能如何檢查運作時間,教學
你是誰,聊天
我想怎麼看目前時間,教學
可以顯示東西嗎,模糊
顯示磁碟空間,操作
我要查東西,模糊
請幫我跟我聊聊天,聊天
查看記憶體一下,操作
能不能如何檢查磁碟空間,教學
可以怎麼列出檔案嗎,教學
查看目前登入者 謝謝,操作
能不能目前在哪裡,操作
查看目前登入者一下,操作
可以我要查東西嗎,模糊
請幫我我要用一下,模糊
請幫我目前時間,操作
你是誰 謝謝,聊天
能不能你好,聊天
你可以幫我什麼 謝謝,聊天
我想幫我操作一下,模糊
我想如何檢查運作時間,教學
可以我有點想睡嗎,聊天
檢查磁碟空間一下,操作
能不能你好,聊天
如何重開機,教學
我要查東西一下,模糊
你是誰 謝謝,聊天
我想切換到家目錄,操作
查看系統時間,操作
早安 謝謝,聊天
可以我想要資訊嗎,模糊
晚安,聊天
可以如何重開機嗎,教學
教我怎麼查看記憶體,教學
可以你會不會用指令嗎,模糊
列出資料夾,操作
能不能我想要資訊,模糊
可以切換到家目錄嗎,操作
如何重開機,教學
能不能切換到家目錄,操作
可以查看目前登入者嗎,操作
能不能我今天很累,聊天
我要查東西一下,模糊
怎麼切回家目錄,教學
查看目前登入者 謝謝,操作
我想查看當前資料夾要怎麼做,教學
能不能查看記憶體,操作
檢查磁碟空間一下,操作
可以我要用一下嗎,模糊
能不能早安,聊天
請幫我我今天很累,聊天
怎麼切回家目錄一下,教學
能不能查看系統時間,操作
我想顯示目前目錄,操作
我想重啟系統,操作
列出資料夾一下,操作
如何檢查磁碟空間,教學
能不能你會不會用指令,模糊
你會不會用指令 謝謝,模糊
重啟系統 謝謝,操作
可以你吃飯了嗎嗎,聊天
可以幫忙嗎一下,模糊
請幫我怎麼列出檔案,教學
請幫我如何重開機,教學
請幫我查看記憶體,操作
可以如何檢查運作時間嗎,教學
如何檢查運作時間一下,教學
請幫我檢查磁碟空間,操作
早安 謝謝,聊天
可以你喜歡Linux嗎嗎,聊天
怎麼切回家目錄 謝謝,教學
我想系統運作時間,操作
你會什麼 謝謝,聊天
重啟系統 謝謝,操作
目前在哪裡,操作
幫我一下一下,模糊
能不能列出資料夾,操作
系統運作時間一下,操作
怎麼切回家目錄,教學
能不能系統運作時間,操作
請幫我切換到家目錄,操作
能不能如何檢查磁碟空間,教學
請幫我你可以幫我什麼,聊天
你是誰一下,聊天
你會不會用指令,模糊
能不能我想知道一些資訊,模糊
能不能查看當前資料夾要怎麼做,教學
能不能我要用一下,模糊
請幫我早安,聊天
請幫我檢查磁碟空間,操作
如何檢查磁碟空間 謝謝,教學
可以你是誰嗎,聊天
顯示磁碟空間一下,操作
能不能怎麼看目前時間,教學
我想顯示東西,模糊
目前在哪裡一下,操作
查看當前資料夾要怎麼做 謝謝,教學
幫我一下 謝謝,模糊
請幫我如何檢查磁碟空間,教學
你喜歡Linux嗎 謝謝,聊天
你好 謝謝,聊天
可以顯示磁碟空間嗎,操作
請幫我你吃飯了嗎,聊天
請幫我你是誰,聊天
請幫我你好,聊天
我有點想睡一下,聊天
目前在哪裡一下,操作
可以檢查磁碟空間嗎,操作
可以你會什麼嗎,聊天
檢查磁碟空間 謝謝,操作
能不能顯示磁碟空間,操作
可以怎麼切回家目錄嗎,教學
請幫我顯示東西,模糊
我想查看記憶體,操作
我想你可以幫我什麼,聊天
可以我想要資訊嗎,模糊
可以早安嗎,聊天
請幫我重啟系統,操作
請幫我幫我操作一下,模糊
能不能查一下,模糊
請幫我你好,聊天
能不能查一下,模糊
我想查看系統時間,操作
請幫我能不能查一下,模糊
可以你喜歡Linux嗎嗎,聊天
能不能查看當前資料夾要怎麼做,教學
我想怎麼列出檔案,教學
今天天氣不錯一下,聊天
你吃飯了嗎一下,聊天
能不能你會什麼,聊天
請教我查詢登入使用者的方法一下,教學
目前時間 謝謝,操作
請幫我晚安,聊天
顯示磁碟空間,操作
能不能列出資料夾,操作
我要查東西一下,模糊
列出資料夾 謝謝,操作
教我怎麼查看記憶體一下,教學
可以系統運作時間嗎,操作
可以怎麼列出檔案嗎,教學
能不能目前時間,操作
我想怎麼切回家目錄,教學
我想怎麼列出檔案,教學
我想查看目前登入者,操作
我想怎麼切回家目錄,教學
我想如何重開機,教學
請幫我列出資料夾,操作
列出資料夾 謝謝,操作
顯示東西一下,模糊
顯示目前目錄 謝謝,操作
查看目前登入者,操作
我想查看當前資料夾要怎麼做,教學
請幫我列出資料夾,操作
切換到家目錄 謝謝,操作
今天天氣不錯,聊天
我有點想睡,聊天
請幫我你好,聊天
如何重開機一下,教學
我想請教我查詢登入使用者的方法,教學
請幫我我要用一下,模糊
幫我操作一下,模糊
我想我想知道一些資訊,模糊
我想顯示東西,模糊
能不能列出資料夾,操作
我想查看記憶體,操作
如何檢查運作時間,教學
能不能幫我操作一下,模糊
我想重啟系統,操作
請幫我幫我操作一下,模糊
我想如何檢查運作時間,教學
能不能跟我聊聊天,聊天
查看當前資料夾要怎麼做一下,教學
能不能晚安,聊天
重啟系統一下,操作
午安,聊天
切換到家目錄 謝謝,操作
我想查看當前資料夾要怎麼做,教學
你可以幫我什麼,聊天
我想知道一些資訊,模糊
系統運作時間一下,操作
早安,聊天
請幫我列出資料夾,操作
能不能你喜歡Linux嗎,聊天
幫我操作一下一下,模糊
可以怎麼列出檔案嗎,教學
請幫我你吃飯了嗎,聊天
我今天很累一下,聊天
我想系統運作時間,操作
我想查看目前登入者,操作
請幫我顯示目前目錄,操作
切換到家目錄 謝謝,操作
能不能列出資料夾,操作
請幫我查看系統時間,操作
請幫我顯示隱藏檔案,操作
能不能你可以幫我什麼,聊天
我要查東西,模糊
可以查看系統時間嗎,操作
目前在哪裡一下,操作
怎麼列出檔案 謝謝,教學
如何檢查運作時間 謝謝,教學
請幫我目前在哪裡,操作
查看系統時間 謝謝,操作
我想我要查東西,模糊
能不能查一下一下,模糊
查看記憶體 謝謝,操作
能不能我要查東西,模糊
如何檢查運作時間 謝謝,教學
列出資料夾一下,操作
能不能重啟系統,操作
我想我今天很累,聊天
查看目前登入者,操作
午安,聊天
能不能怎麼列出檔案,教學
能不能早安,聊天
可以列出資料夾嗎,操作
你會不會用指令,模糊
請幫我如何重開機,教學
我想如何重開機,教學
可以你喜歡Linux嗎嗎,聊天
顯示隱藏檔案 謝謝,操作
列出資料夾,操作
列出資料夾,操作
可以怎麼切回家目錄嗎,教學
今天天氣不錯一下,聊天
晚安,聊天
我想你是誰,聊天
請幫我怎麼看目前時間,教學
能不能我有點想睡,聊天
可以能不能查一下嗎,模糊
我要用一下 謝謝,模糊
我想要資訊,模糊
請教我查詢登入使用者的方法 謝謝,教學
可以怎麼切回家目錄嗎,教學
系統運作時間一下,操作
我想檢查磁碟空間,操作
能不能你會不會用指令,模糊
可以重啟系統嗎,操作
你會什麼 謝謝,聊天
你吃飯了嗎一下,聊天
目前時間 謝謝,操作
可以幫忙嗎一下,模糊
教我怎麼查看記憶體一下,教學
我想重啟系統,操作
可以可以幫忙嗎嗎,模糊
可以我要用一下嗎,模糊
能不能顯示目前目錄,操作
請幫我你喜歡Linux嗎,聊天
系統運作時間,操作
能不能顯示東西,模糊
能不能能不能查一下,模糊
可以重啟系統嗎,操作
怎麼看目前時間 謝謝,教學
能不能你可以幫我什麼,聊天
可以我要用一下嗎,模糊
查看系統時間一下,操作
能不能你吃飯了嗎,聊天
能不能你會什麼,聊天
跟我聊聊天,聊天
你可以幫我什麼一下,聊天
請幫我目前時間,操作
請幫我你是誰,聊天
怎麼列出檔案一下,教學
我想要資訊,模糊
怎麼看目前時間,教學
可以請教我查詢登入使用者的方法嗎,教學
可以你會什麼嗎,聊天
請幫我你喜歡Linux嗎,聊天
請幫我我想知道一些資訊,模糊
請幫我我想要資訊,模糊
重啟系統,操作
我要查東西,模糊
請幫我你好,聊天
可以晚安嗎,聊天
可以查看記憶體嗎,操作
怎麼切回家目錄 謝謝,教學
能不能你喜歡Linux嗎,聊天
可以教我怎麼查看記憶體嗎,教學
能不能跟我聊聊天,聊天
能不能查看目前登入者,操作
我想你是誰,聊天
請幫我如何檢查運作時間,教學
我想你可以幫我什麼,聊天
可以你喜歡Linux嗎嗎,聊天
能不能查看記憶體,操作
請幫我重啟系統,操作
我想怎麼列出檔案,教學
能不能切換到家目錄,操作
可以我想要資訊嗎,模糊
跟我聊聊天,聊天
可以我要查東西嗎,模糊
幫我操作一下,模糊
跟我聊聊天,聊天
你好 謝謝,聊天
可以我要查東西嗎,模糊
可以我想知道一些資訊嗎,模糊
顯示隱藏檔案 謝謝,操作
可以顯示目前目錄嗎,操作
能不能查看當前資料夾要怎麼做,教學
可以顯示目前目錄嗎,操作
能不能如何重開機,教學
能不能顯示隱藏檔案,操作
能不能你可以幫我什麼,聊天
能不能怎麼看目前時間,教學
能不能如何重開機,教學
你會不會用指令,模糊
我想我今天很累,聊天
可以檢查磁碟空間嗎,操作
能不能幫我操作一下,模糊
我要用一下,模糊
我今天很累 謝謝,聊天
查看當前資料夾要怎麼做一下,教學
查看目前登入者一下,操作
如何檢查運作時間 謝謝,教學
能不能列出資料夾,操作
我想怎麼切回家目錄,教學
如何重開機 謝謝,教學
我想顯示隱藏檔案,操作
可以晚安嗎,聊天
我想你是誰,聊天
請教我查詢登入使用者的方法一下,教學
可以幫忙嗎一下,模糊
我想要資訊,模糊
請幫我早安,聊天
請幫我你吃飯了嗎,聊天
能不能怎麼列出檔案,教學
我想系統運作時間,操作
查看當前資料夾要怎麼做一下,教學
午安 謝謝,聊天
我想我想知道一些資訊,模糊
切換到家目錄,操作
請幫我怎麼列出檔案,教學
如何檢查磁碟空間一下,教學
請幫我教我怎麼查看記憶體,教學
請幫我跟我聊聊天,聊天
我想怎麼切回家目錄,教學
可以如何重開機嗎,教學
顯示東西一下,模糊
能不能幫我操作一下,模糊
我想能不能查一下,模糊
可以我想要資訊嗎,模糊
可以你是誰嗎,聊天
能不能查一下一下,模糊
可以你會什麼嗎,聊天
你會什麼一下,聊天
能不能幫我一下,模糊
我想你喜歡Linux嗎,聊天
你會什麼,聊天
請幫我我要查東西,模糊
你喜歡Linux嗎,聊天
我想顯示東西,模糊
可以幫我一下嗎,模糊
請幫我你是誰,聊天
我想請教我查詢登入使用者的方法,教學
能不能查看記憶體,操作
能不能早安,聊天
查看當前資料夾要怎麼做,教學
我想你喜歡Linux嗎,聊天
請教我查詢登入使用者的方法,教學
請幫我顯示東西,模糊
顯示隱藏檔案 謝謝,操作
顯示目前目錄 謝謝,操作
能不能你會什麼,聊天
教我怎麼查看記憶體 謝謝,教學
顯示東西,模糊
能不能請教我查詢登入使用者的方法,教學
你會什麼 謝謝,聊天
可以你好嗎,聊天
請幫我你好,聊天
可以顯示隱藏檔案嗎,操作
能不能查一下 謝謝,模糊
我想查看目前登入者,操作
可以顯示目前目錄嗎,操作
請幫我請教我查詢登入使用者的方法,教學
我想早安,聊天
如何檢查磁碟空間,教學
我想請教我查詢登入使用者的方法,教學
可以我想知道一些資訊嗎,模糊
請幫我顯示目前目錄,操作
請幫我顯示東西,模糊
能不能幫我一下,模糊
幫我操作一下,模糊
我想請教我查詢登入使用者的方法,教學
顯示磁碟空間 謝謝,操作
可以午安嗎,聊天
可以你可以幫我什麼嗎,聊天
能不能顯示目前目錄,操作
請幫我查看當前資料夾要怎麼做,教學
請幫我目前在哪裡,操作
能不能目前時間,操作
早安一下,聊天
我想如何檢查運作時間,教學
幫我操作一下,模糊
能不能幫我一下,模糊
你會不會用指令,模糊
怎麼列出檔案一下,教學
我今天很累,聊天
午安,聊天
我今天很累 謝謝,聊天
我想跟我聊聊天,聊天
可以目前時間嗎,操作
切換到家目錄,操作
幫我操作一下一下,模糊
能不能幫我操作一下,模糊
可以我有點想睡嗎,聊天
查看記憶體 謝謝,操作
能不能我要用一下,模糊
請幫我今天天氣不錯,聊天
請幫我顯示隱藏檔案,操作
可以你吃飯了嗎嗎,聊天
跟我聊聊天,聊天
能不能今天天氣不錯,聊天
如何重開機一下,教學
怎麼切回家目錄一下,教學
可以幫忙嗎,模糊
能不能查看目前登入者,操作
能不能查一下一下,模糊
可以你喜歡Linux嗎嗎,聊天
我今天很累一下,聊天
你會什麼 謝謝,聊天
我想我想知道一些資訊,模糊
可以請教我查詢登入使用者的方法嗎,教學
我想顯示隱藏檔案,操作
請幫我如何檢查磁碟空間,教學
怎麼看目前時間一下,教學
如何檢查磁碟空間一下,教學
能不能怎麼切回家目錄,教學
怎麼看目前時間一下,教學
怎麼切回家目錄 謝謝,教學
查看目前登入者 謝謝,操作
怎麼列出檔案,教學
請幫我可以幫忙嗎,模糊
我要用一下 謝謝,模糊
跟我聊聊天 謝謝,聊天
我想要資訊一下,模糊
可以幫我一下嗎,模糊
我想知道一些資訊 謝謝,模糊
請幫我請教我查詢登入使用者的方法,教學
你好一下,聊天
怎麼看目前時間,教學
系統運作時間 謝謝,操作
能不能我想要資訊,模糊
教我怎麼查看記憶體一下,教學
你吃飯了嗎,聊天
你吃飯了嗎一下,聊天
可以你可以幫我什麼嗎,聊天
你可以幫我什麼一下,聊天
請幫我查看當前資料夾要怎麼做,教學
怎麼看目前時間 謝謝,教學
可以查看當前資料夾要怎麼做嗎,教學
你喜歡Linux嗎一下,聊天
我有點想睡,聊天
請幫我我想知道一些資訊,模糊
能不能如何重開機,教學
能不能能不能查一下,模糊
你會不會用指令一下,模糊
我要查東西,模糊
請幫我如何檢查運作時間,教學
我想你好,聊天
請幫我你可以幫我什麼,聊天
我想教我怎麼查看記憶體,教學
能不能請教我查詢登入使用者的方法,教學
重啟系統一下,操作
目前在哪裡一下,操作
請幫我查看目前登入者,操作
能不能我要用一下,模糊
我想查看記憶體,操作
能不能顯示目前目錄,操作
列出資料夾 謝謝,操作
我想怎麼切回家目錄,教學
請幫我幫我操作一下,模糊
幫我一下一下,模糊
請幫我幫我一下,模糊
我想我要用一下,模糊
可以如何檢查運作時間嗎,教學
顯示隱藏檔案 謝謝,操作
早安 謝謝,聊天
我想查看當前資料夾要怎麼做,教學
可以顯示東西嗎,模糊
查看系統時間一下,操作
我想目前時間,操作
你喜歡Linux嗎,聊天
請幫我我有點想睡,聊天
可以顯示磁碟空間嗎,操作
請幫我你會不會用指令,模糊
查看當前資料夾要怎麼做 謝謝,教學
我想可以幫忙嗎,模糊
請幫我我要查東西,模糊
教我怎麼查看記憶體 謝謝,教學
請幫我今天天氣不錯,聊天
我想能不能查一下,模糊
教我怎麼查看記憶體一下,教學
請幫我顯示隱藏檔案,操作
能不能如何檢查運作時間,教學
目前時間 謝謝,操作
你吃飯了嗎,聊天
能不能怎麼列出檔案,教學
請教我查詢登入使用者的方法一下,教學
能不能我要查東西,模糊
顯示東西,模糊
教我怎麼查看記憶體 謝謝,教學
請幫我顯示東西,模糊
可以我有點想睡嗎,聊天
查看系統時間一下,操作
如何檢查磁碟空間,教學
能不能你會什麼,聊天
你吃飯了嗎,聊天
能不能教我怎麼查看記憶體,教學
可以你會不會用指令嗎,模糊
請幫我如何檢查運作時間,教學
能不能顯示隱藏檔案,操作
請幫我查看系統時間,操作
請幫我我要查東西,模糊
晚安一下,聊天
如何重開機 謝謝,教學
如何檢查運作時間一下,教學
能不能顯示東西,模糊
能不能列出資料夾,操作
如何檢查磁碟空間 謝謝,教學
我想我要用一下,模糊
幫我一下,模糊
教我怎麼查看記憶體,教學
我想列出資料夾,操作
今天天氣不錯一下,聊天
我想晚安,聊天
能不能跟我聊聊天,聊天
我想顯示目前目錄,操作
我想列出資料夾,操作
能不能重啟系統,操作
能不能幫我操作一下,模糊
請幫我怎麼切回家目錄,教學
你好,聊天
能不能早安,聊天
能不能今天天氣不錯,聊天
我想我要查東西,模糊
我想你會不會用指令,模糊
我有點想睡 謝謝,聊天
如何檢查磁碟空間,教學
請幫我可以幫忙嗎,模糊
請幫我你是誰,聊天
請幫我幫我一下,模糊
我想如何檢查磁碟空間,教學
如何重開機一下,教學
你會什麼 謝謝,聊天
我想檢查磁碟空間,操作
能不能怎麼切回家目錄,教學
可以我要用一下嗎,模糊
我想檢查磁碟空間,操作
可以檢查磁碟空間嗎,操作
我想顯示東西,模糊
怎麼列出檔案,教學
我想切換到家目錄,操作
你好 謝謝,聊天
可以怎麼看目前時間嗎,教學
如何重開機 謝謝,教學
請幫我你會不會用指令,模糊
我想顯示隱藏檔案,操作
可以我要查東西嗎,模糊
我想請教我查詢登入使用者的方法,教學
可以你吃飯了嗎嗎,聊天
早安一下,聊天
我想幫我一下,模糊
我今天很累一下,聊天
顯示目前目錄一下,操作
可以切換到家目錄嗎,操作
能不能系統運作時間,操作
你喜歡Linux嗎,聊天
能不能我今天很累,聊天
今天天氣不錯一下,聊天
幫我操作一下,模糊
請幫我目前時間,操作
顯示隱藏檔案一下,操作
請幫我目前在哪裡,操作
請幫我目前在哪裡,操作
請幫我怎麼列出檔案,教學
我想你好,聊天
請幫我幫我一下,模糊
如何重開機 謝謝,教學
請幫我如何檢查磁碟空間,教學
查看系統時間 謝謝,操作
能不能怎麼看目前時間,教學
可以怎麼切回家目錄嗎,教學
如何檢查磁碟空間 謝謝,教學
我想顯示東西,模糊
能不能我今天很累,聊天
怎麼看目前時間 謝謝,教學
能不能你喜歡Linux嗎,聊天
能不能怎麼切回家目錄,教學
請幫我你可以幫我什麼,聊天
顯示東西,模糊
能不能目前在哪裡,操作
如何重開機 謝謝,教學
請幫我幫我一下,模糊
能不能我要用一下,模糊
如何檢查運作時間,教學
查看當前資料夾要怎麼做一下,教學
可以你吃飯了嗎嗎,聊天
怎麼列出檔案 謝謝,教學
今天天氣不錯 謝謝,聊天
請幫我晚安,聊天
我想可以幫忙嗎,模糊
我有點想睡 謝謝,聊天
查看系統時間 謝謝,操作
我想你會什麼,聊天
請幫我如何檢查運作時間,教學
能不能你可以幫我什麼,聊天
我想能不能查一下,模糊
可以你好嗎,聊天
我想怎麼切回家目錄,教學
目前在哪裡 謝謝,操作
如何檢查磁碟空間一下,教學
你會不會用指令,模糊
請幫我可以幫忙嗎,模糊
請幫我如何檢查磁碟空間,教學
我想知道一些資訊 謝謝,模糊
能不能你好,聊天
請幫我請教我查詢登入使用者的方法,教學
查看系統時間 謝謝,操作
午安一下,聊天
能不能怎麼切回家目錄,教學
請幫我顯示東西,模糊
怎麼列出檔案 謝謝,教學
你會什麼 謝謝,聊天
請幫我查看當前資料夾要怎麼做,教學
目前時間 謝謝,操作
如何檢查磁碟空間一下,教學
能不能顯示東西,模糊
我想我要用一下,模糊
可以能不能查一下嗎,模糊
能不能如何檢查運作時間,教學
檢查磁碟空間一下,操作
重啟系統一下,操作
如何重開機 謝謝,教學
可以怎麼看目前時間嗎,教學
教我怎麼查看記憶體,教學
如何檢查運作時間,教學
可以系統運作時間嗎,操作
請幫我你喜歡Linux嗎,聊天
請幫我我要用一下,模糊
能不能教我怎麼查看記憶體,教學
能不能怎麼切回家目錄,教學
怎麼切回家目錄,教學
你會什麼一下,聊天
能不能早安,聊天
可以顯示隱藏檔案嗎,操作
請幫我我要用一下,模糊
能不能請教我查詢登入使用者的方法,教學
我要用一下 謝謝,模糊
可以我要查東西嗎,模糊
能不能顯示目前目錄,操作
我想知道一些資訊一下,模糊
能不能教我怎麼查看記憶體,教學
我想重啟系統,操作
怎麼看目前時間 謝謝,教學
查看當前資料夾要怎麼做,教學
怎麼切回家目錄 謝謝,教學
能不能怎麼看目前時間,教學
你會不會用指令一下,模糊
檢查磁碟空間 謝謝,操作
你吃飯了嗎一下,聊天
可以可以幫忙嗎嗎,模糊
請幫我切換到家目錄,操作
可以重啟系統嗎,操作
可以你會什麼嗎,聊天
午安一下,聊天
我想請教我查詢登入使用者的方法,教學
我想要資訊,模糊
能不能查一下一下,模糊
切換到家目錄一下,操作
我想要資訊 謝謝,模糊
可以如何檢查磁碟空間嗎,教學
可以如何重開機嗎,教學
能不能跟我聊聊天,聊天
能不能我今天很累,聊天
早安 謝謝,聊天
請幫我重啟系統,操作
能不能怎麼看目前時間,教學
怎麼切回家目錄 謝謝,教學
能不能顯示磁碟空間,操作
我想列出資料夾,操作
可以幫我操作一下嗎,模糊
查看目前登入者 謝謝,操作
可以切換到家目錄嗎,操作
如何檢查磁碟空間 謝謝,教學
切換到家目錄一下,操作
怎麼切回家目錄,教學
我想可以幫忙嗎,模糊
能不能怎麼列出檔案,教學
能不能目前在哪裡,操作
我想系統運作時間,操作
怎麼列出檔案,教學
可以目前在哪裡嗎,操作
我想教我怎麼查看記憶體,教學
我想知道一些資訊一下,模糊
你會不會用指令 謝謝,模糊
如何檢查運作時間,教學
跟我聊聊天一下,聊天
可以檢查磁碟空間嗎,操作
你會什麼,聊天
今天天氣不錯一下,聊天
能不能如何檢查磁碟空間,教學
能不能我有點想睡,聊天
請幫我顯示目前目錄,操作
檢查磁碟空間 謝謝,操作
能不能我想知道一些資訊,模糊
我想教我怎麼查看記憶體,教學
幫我一下一下,模糊
我想教我怎麼查看記憶體,教學
能不能今天天氣不錯,聊天
能不能怎麼看目前時間,教學
我要查東西 謝謝,模糊
如何重開機 謝謝,教學
你會不會用指令,模糊
如何檢查磁碟空間一下,教學
我想如何檢查運作時間,教學
請幫我我想要資訊,模糊
能不能我要查東西,模糊
目前在哪裡一下,操作
能不能切換到家目錄,操作
我想我有點想睡,聊天
晚安,聊天
可以顯示東西嗎,模糊
請教我查詢登入使用者的方法一下,教學
怎麼切回家目錄,教學
能不能目前在哪裡,操作
重啟系統,操作
我有點想睡,聊天
怎麼看目前時間一下,教學
怎麼列出檔案一下,教學
能不能查一下,模糊
怎麼切回家目錄一下,教學
切換到家目錄一下,操作
系統運作時間一下,操作
目前時間 謝謝,操作
能不能你會不會用指令,模糊
可以幫忙嗎 謝謝,模糊
我想我想知道一些資訊,模糊
幫我操作一下,模糊
顯示東西 謝謝,模糊
列出資料夾,操作
早安 謝謝,聊天
可以如何重開機嗎,教學
可以顯示隱藏檔案嗎,操作
重啟系統 謝謝,操作
跟我聊聊天 謝謝,聊天
能不能午安,聊天
我想檢查磁碟空間,操作
請幫我早安,聊天
如何檢查磁碟空間 謝謝,教學
可以幫我一下嗎,模糊
查看系統時間一下,操作
我想午安,聊天
能不能教我怎麼查看記憶體,教學
可以能不能查一下嗎,模糊
能不能幫我操作一下,模糊
我想如何重開機,教學
能不能顯示東西,模糊
請幫我午安,聊天
可以查看當前資料夾要怎麼做嗎,教學
我想我要用一下,模糊
顯示目前目錄一下,操作
你會什麼 謝謝,聊天
可以如何檢查運作時間嗎,教學
能不能我要查東西,模糊
查看記憶體 謝謝,操作
查看記憶體 謝謝,操作
可以可以幫忙嗎嗎,模糊
我要查東西 謝謝,模糊
檢查磁碟空間一下,操作
能不能可以幫忙嗎,模糊
你是誰一下,聊天
可以系統運作時間嗎,操作
重啟系統,操作
我想顯示東西,模糊
如何檢查磁碟空間 謝謝,教學
能不能如何檢查磁碟空間,教學
能不能早安,聊天
能不能重啟系統,操作
可以我要查東西嗎,模糊
可以我想知道一些資訊嗎,模糊
請幫我你會不會用指令,模糊
怎麼切回家目錄 謝謝,教學
能不能如何檢查磁碟空間,教學
能不能如何檢查運作時間,教學
可以我要查東西嗎,模糊
請幫我今天天氣不錯,聊天
你可以幫我什麼一下,聊天
請幫我你可以幫我什麼,聊天
可以今天天氣不錯嗎,聊天
幫我一下,模糊
你是誰一下,聊天
我想幫我操作一下,模糊
教我怎麼查看記憶體一下,教學
你可以幫我什麼 謝謝,聊天
目前在哪裡一下,操作
能不能可以幫忙嗎,模糊
請教我查詢登入使用者的方法,教學
我想顯示東西,模糊
你吃飯了嗎 謝謝,聊天
請幫我請教我查詢登入使用者的方法,教學
請幫我我想要資訊,模糊
我想知道一些資訊一下,模糊
如何檢查磁碟空間一下,教學
我要查東西一下,模糊
請幫我查看當前資料夾要怎麼做,教學
我要用一下一下,模糊
查看系統時間 謝謝,操作
切換到家目錄 謝謝,操作
能不能我要查東西,模糊
目前時間,操作
能不能你會什麼,聊天
請幫我午安,聊天
你會不會用指令一下,模糊
幫我操作一下,模糊
請幫我目前在哪裡,操作
我想你好,聊天
可以你是誰嗎,聊天
你好 謝謝,聊天
能不能怎麼看目前時間,教學
如何重開機,教學
我想知道一些資訊一下,模糊
可以幫我操作一下嗎,模糊
今天天氣不錯一下,聊天
能不能目前時間,操作
我想檢查磁碟空間,操作
我想查看記憶體,操作
你是誰,聊天
列出資料夾 謝謝,操作
你會不會用指令 謝謝,模糊
可以幫我一下嗎,模糊
你會什麼,聊天
請幫我你好,聊天
可以切換到家目錄嗎,操作
我想請教我查詢登入使用者的方法,教學
能不能我要查東西,模糊
怎麼看目前時間一下,教學
能不能顯示隱藏檔案,操作
可以我想要資訊嗎,模糊
目前在哪裡,操作
我想你會什麼,聊天
如何檢查磁碟空間 謝謝,教學
能不能顯示東西,模糊
教我怎麼查看記憶體,教學
可以你喜歡Linux嗎嗎,聊天
我想知道一些資訊,模糊
我想如何檢查運作時間,教學
顯示磁碟空間 謝謝,操作
能不能幫我一下,模糊
請幫我我要用一下,模糊
能不能目前時間,操作
今天天氣不錯一下,聊天
請幫我你喜歡Linux嗎,聊天
能不能你可以幫我什麼,聊天
我想顯示隱藏檔案,操作
我要用一下 謝謝,模糊
可以檢查磁碟空間嗎,操作
能不能我想要資訊,模糊
我要查東西一下,模糊
我想怎麼看目前時間,教學
我想如何重開機,教學
可以我想知道一些資訊嗎,模糊
請幫我請教我查詢登入使用者的方法,教學
可以可以幫忙嗎嗎,模糊
你會不會用指令一下,模糊
能不能怎麼切回家目錄,教學
請幫我檢查磁碟空間,操作
幫我操作一下,模糊
我想知道一些資訊 謝謝,模糊
可以幫忙嗎一下,模糊
能不能你會什麼,聊天
可以顯示隱藏檔案嗎,操作
幫我一下,模糊
我想能不能查一下,模糊
我想你吃飯了嗎,聊天
請幫我目前時間,操作
請幫我可以幫忙嗎,模糊
請教我查詢登入使用者的方法一下,教學
請幫我我要查東西,模糊
請幫我教我怎麼查看記憶體,教學
幫我一下一下,模糊
可以你吃飯了嗎嗎,聊天
重啟系統一下,操作
請幫我你吃飯了嗎,聊天
我想切換到家目錄,操作
我有點想睡,聊天
我想你喜歡Linux嗎,聊天
如何檢查運作時間 謝謝,教學
能不能查看目前登入者,操作
請幫我怎麼切回家目錄,教學
能不能你好,聊天
能不能查一下,模糊
教我怎麼查看記憶體 謝謝,教學
能不能目前在哪裡,操作
午安 謝謝,聊天
請幫我如何檢查運作時間,教學
能不能幫我一下,模糊
系統運作時間 謝謝,操作
重啟系統一下,操作
教我怎麼查看記憶體,教學
查看系統時間 謝謝,操作
列出資料夾 謝謝,操作
午安 謝謝,聊天
可以查看目前登入者嗎,操作
可以你好嗎,聊天
能不能如何檢查磁碟空間,教學
能不能顯示目前目錄,操作
請幫我今天天氣不錯,聊天
請幫我你會不會用指令,模糊
請幫我可以幫忙嗎,模糊
可以如何檢查運作時間嗎,教學
可以顯示東西嗎,模糊
我想幫我操作一下,模糊
能不能我有點想睡,聊天
能不能查一下一下,模糊
可以你是誰嗎,聊天
請幫我列出資料夾,操作
你可以幫我什麼,聊天
幫我一下 謝謝,模糊
請教我查詢登入使用者的方法 謝謝,教學
你會什麼,聊天
可以請教我查詢登入使用者的方法嗎,教學
請幫我查看目前登入者,操作
請幫我查看當前資料夾要怎麼做,教學
能不能你可以幫我什麼,聊天
你是誰 謝謝,聊天
我想知道一些資訊,模糊
今天天氣不錯,聊天
我要用一下,模糊
能不能晚安,聊天
幫我操作一下,模糊
你會什麼一下,聊天
幫我操作一下,模糊
請幫我怎麼列出檔案,教學
請幫我查看當前資料夾要怎麼做,教學
可以我今天很累嗎,聊天
查看記憶體 謝謝,操作
查看當前資料夾要怎麼做一下,教學
可以我有點想睡嗎,聊天
能不能你是誰,聊天
我想怎麼切回家目錄,教學
可以今天天氣不錯嗎,聊天
我想我要用一下,模糊
可以請教我查詢登入使用者的方法嗎,教學
我想今天天氣不錯,聊天
請幫我我今天很累,聊天
你喜歡Linux嗎一下,聊天
你是誰一下,聊天
請幫我幫我一下,模糊
我想今天天氣不錯,聊天
我想知道一些資訊一下,模糊
我有點想睡一下,聊天
我想我要查東西,模糊
可以我要用一下嗎,模糊
能不能我有點想睡,聊天
怎麼列出檔案 謝謝,教學
請幫我怎麼列出檔案,教學
可以早安嗎,聊天
可以顯示東西嗎,模糊
可以我想要資訊嗎,模糊
今天天氣不錯,聊天
能不能如何檢查運作時間,教學
能不能顯示隱藏檔案,操作
可以幫我一下嗎,模糊
請幫我我想知道一些資訊,模糊
幫我一下,模糊
能不能查看記憶體,操作
如何檢查運作時間,教學
請幫我怎麼切回家目錄,教學
請幫我如何檢查運作時間,教學
我想早安,聊天
請幫我我要查東西,模糊
如何檢查磁碟空間,教學
請幫我查看記憶體,操作
目前在哪裡一下,操作
怎麼看目前時間,教學
切換到家目錄一下,操作
可以顯示東西嗎,模糊
請幫我請教我查詢登入使用者的方法,教學
請幫我我今天很累,聊天
怎麼看目前時間一下,教學
請幫我你可以幫我什麼,聊天
能不能查一下,模糊
能不能如何重開機,教學
請幫我幫我操作一下,模糊
檢查磁碟空間,操作
如何重開機一下,教學
能不能我想知道一些資訊,模糊
我想顯示隱藏檔案,操作
可以我想要資訊嗎,模糊
能不能查一下一下,模糊
請幫我列出資料夾,操作
查看目前登入者一下,操作
請幫我我想知道一些資訊,模糊
顯示目前目錄 謝謝,操作
你喜歡Linux嗎一下,聊天
跟我聊聊天一下,聊天
我今天很累一下,聊天
幫我一下 謝謝,模糊
可以晚安嗎,聊天
你好 謝謝,聊天
查看目前登入者,操作
我要用一下一下,模糊
請幫我跟我聊聊天,聊天
能不能檢查磁碟空間,操作
請幫我查看系統時間,操作
請幫我如何檢查運作時間,教學
怎麼看目前時間 謝謝,教學
怎麼切回家目錄,教學
請幫我教我怎麼查看記憶體,教學
能不能查看系統時間,操作
我想教我怎麼查看記憶體,教學
你是誰一下,聊天
能不能查看系統時間,操作
我想查看當前資料夾要怎麼做,教學
怎麼列出檔案一下,教學
可以顯示東西嗎,模糊
顯示目前目錄一下,操作
目前在哪裡 謝謝,操作
可以你可以幫我什麼嗎,聊天
教我怎麼查看記憶體 謝謝,教學
我想你好,聊天
你吃飯了嗎,聊天
查看當前資料夾要怎麼做一下,教學
我今天很累,聊天
能不能顯示東西,模糊
請幫我系統運作時間,操作
請幫我查看當前資料夾要怎麼做,教學
可以你好嗎,聊天
能不能我今天很累,聊天
請幫我我要查東西,模糊
我有點想睡 謝謝,聊天
能不能你會不會用指令,模糊
系統運作時間一下,操作
我想我要用一下,模糊
我想請教我查詢登入使用者的方法,教學
請幫我你會什麼,聊天
我要查東西,模糊
如何檢查磁碟空間 謝謝,教學
你會什麼 謝謝,聊天
能不能我今天很累,聊天
可以幫忙嗎 謝謝,模糊
請幫我怎麼看目前時間,教學
我想目前時間,操作
你會不會用指令 謝謝,模糊
請幫我怎麼看目前時間,教學
我想要資訊,模糊
請幫我如何重開機,教學
我想顯示隱藏檔案,操作
怎麼切回家目錄一下,教學
系統運作時間,操作
請幫我切換到家目錄,操作
你好一下,聊天
教我怎麼查看記憶體 謝謝,教學
可以晚安嗎,聊天
請幫我你是誰,聊天
請幫我怎麼列出檔案,教學
幫我一下一下,模糊
請幫我顯示目前目錄,操作
可以幫我一下嗎,模糊
我想我有點想睡,聊天
能不能切換到家目錄,操作
能不能你是誰,聊天
我想顯示目前目錄,操作
能不能幫我操作一下,模糊
能不能你會什麼,聊天
能不能請教我查詢登入使用者的方法,教學
晚安一下,聊天
可以晚安嗎,聊天
我想怎麼列出檔案,教學
現在列出目前目錄好嗎,操作
幫我顯示系統運作時間好嗎,操作
一下好嗎查看磁碟使用情況好嗎,操作
重啟電腦？,操作
幫我顯示磁碟空間,操作
列出目前目錄一下,操作
重啟電腦,操作
幫我顯示隱藏檔案,操作
請幫我重啟電腦好嗎,操作
幫我切換目錄到家目錄好嗎,操作
幫我切換目錄到家目錄,操作
一下好嗎切換目錄到家目錄？,操作
請幫我列出登入使用者一下,操作
幫我查詢目前時間好嗎,操作
顯示隱藏檔案好嗎,操作
一下好嗎查看記憶體好嗎,操作
一下顯示系統運作時間？,操作
請幫我列出登入使用者？,操作
現在重啟電腦一下,操作
幫我查詢目前時間好嗎,操作
列出目前目錄一下,操作
一下好嗎查看記憶體好嗎,操作
切換目錄到家目錄一下,操作
重啟電腦？,操作
幫我顯示系統運作時間一下,操作
幫我查看記憶體一下,操作
查看磁碟使用情況一下,操作
幫我重啟電腦？,操作
請幫我顯示隱藏檔案一下,操作
一下好嗎列出目前目錄？,操作
現在切換目錄到家目錄一下,操作
顯示隱藏檔案,操作
現在切換目錄到家目錄？,操作
幫我列出目前目錄好嗎,操作
列出目前目錄,操作
請幫我重啟電腦好嗎,操作
現在顯示隱藏檔案？,操作
一下顯示磁碟空間,操作
現在列出目前目錄一下,操作
一下好嗎顯示隱藏檔案一下,操作
幫我查詢目前時間,操作
列出登入使用者,操作
一下顯示磁碟空間,操作
切換目錄到家目錄,操作
幫我顯示系統運作時間好嗎,操作
一下好嗎顯示磁碟空間,操作
幫我切換目錄到家目錄,操作
現在列出目前目錄一下,操作
幫我顯示隱藏檔案？,操作
幫我顯示隱藏檔案？,操作
一下查看記憶體一下,操作
一下查看記憶體,操作
請幫我顯示隱藏檔案,操作
一下查看記憶體一下,操作
一下重啟電腦？,操作
一下查詢目前時間,操作
幫我查看記憶體一下,操作
現在顯示磁碟空間？,操作
列出登入使用者好嗎,操作
列出目前目錄？,操作
一下顯示磁碟空間一下,操作
一下好嗎顯示隱藏檔案,操作
請幫我列出登入使用者,操作
列出目前目錄一下,操作
一下顯示系統運作時間？,操作
幫我列出登入使用者？,操作
現在查看磁碟使用情況好嗎,操作
現在顯示隱藏檔案？,操作
一下好嗎列出目前目錄,操作
一下好嗎重啟電腦,操作
幫我列出登入使用者,操作
一下好嗎顯示隱藏檔案一下,操作
請幫我查詢目前時間好嗎,操作
重啟電腦好嗎,操作
一下查看記憶體,操作
現在查詢目前時間？,操作
一下好嗎列出目前目錄？,操作
請幫我顯示系統運作時間？,操作
現在查看記憶體好嗎,操作
現在列出目前目錄？,操作
一下好嗎切換目錄到家目錄,操作
一下好嗎顯示隱藏檔案,操作
幫我切換目錄到家目錄好嗎,操作
請幫我重啟電腦好嗎,操作
幫我查詢目前時間一下,操作
現在切換目錄到家目錄一下,操作
查詢目前時間一下,操作
現在切換目錄到家目錄好嗎,操作
一下查看磁碟使用情況一下,操作
現在顯示系統運作時間,操作
請幫我顯示磁碟空間一下,操作
幫我顯示隱藏檔案？,操作
一下好嗎列出目前目錄好嗎,操作
幫我顯示系統運作時間一下,操作
請幫我查看記憶體一下,操作
請幫我列出登入使用者？,操作
一下好嗎重啟電腦,操作
請幫我查看記憶體,操作
現在顯示磁碟空間,操作
幫我顯示磁碟空間,操作
查詢目前時間好嗎,操作
現在列出目前目錄一下,操作
顯示磁碟空間,操作
現在重啟電腦,操作
請幫我重啟電腦,操作
一下切換目錄到家目錄,操作
幫我顯示系統運作時間,操作
請幫我顯示磁碟空間好嗎,操作
一下好嗎查看磁碟使用情況一下,操作
請幫我重啟電腦好嗎,操作
現在列出登入使用者好嗎,操作
請幫我重啟電腦好嗎,操作
一下好嗎重啟電腦,操作
請幫我查看磁碟使用情況？,操作
列出目前目錄？,操作
一下好嗎查看記憶體一下,操作
重啟電腦一下,操作
幫我查看記憶體一下,操作
查看磁碟使用情況,操作
幫我顯示隱藏檔案,操作
切換目錄到家目錄？,操作
現在列出目前目錄？,操作
請幫我查詢目前時間好嗎,操作
請幫我列出登入使用者,操作
一下好嗎列出目前目錄好嗎,操作
一下列出登入使用者,操作
一下好嗎查詢目前時間好嗎,操作
查詢目前時間,操作
現在切換目錄到家目錄？,操作
請幫我重啟電腦？,操作
現在切換目錄到家目錄好嗎,操作
一下列出登入使用者好嗎,操作
切換目錄到家目錄,操作
幫我切換目錄到家目錄一下,操作
一下好嗎重啟電腦？,操作
幫我切換目錄到家目錄,操作
幫我重啟電腦？,操作
現在列出登入使用者好嗎,操作
幫我顯示隱藏檔案好嗎,操作
一下列出目前目錄,操作
現在顯示磁碟空間,操作
一下切換目錄到家目錄？,操作
請幫我列出登入使用者一下,操作
請幫我顯示隱藏檔案一下,操作
現在切換目錄到家目錄好嗎,操作
顯示隱藏檔案？,操作
現在查看記憶體好嗎,操作
幫我列出目前目錄,操作
一下好嗎列出登入使用者,操作
請幫我列出目前目錄,操作
一下好嗎顯示系統運作時間一下,操作
請幫我顯示系統運作時間,操作
切換目錄到家目錄一下,操作
請幫我列出目前目錄？,操作
一下切換目錄到家目錄一下,操作
一下好嗎顯示隱藏檔案？,操作
一下好嗎切換目錄到家目錄？,操作
一下好嗎查看記憶體好嗎,操作
查看記憶體一下,操作
一下好嗎查看磁碟使用情況一下,操作
現在列出登入使用者一下,操作
一下好嗎顯示系統運作時間？,操作
查詢目前時間,操作
一下好嗎重啟電腦,操作
一下列出登入使用者？,操作
切換目錄到家目錄好嗎,操作
現在查看記憶體,操作
重啟電腦,操作
一下好嗎列出登入使用者一下,操作
一下好嗎重啟電腦一下,操作
幫我查看磁碟使用情況一下,操作
現在列出登入使用者好嗎,操作
現在顯示隱藏檔案好嗎,操作
一下列出目前目錄,操作
請幫我查看磁碟使用情況一下,操作
切換目錄到家目錄？,操作
幫我顯示系統運作時間,操作
顯示系統運作時間,操作
一下好嗎查看記憶體,操作
現在切換目錄到家目錄,操作
一下查看磁碟使用情況好嗎,操作
現在顯示系統運作時間,操作
一下切換目錄到家目錄一下,操作
幫我查看記憶體一下,操作
查看磁碟使用情況好嗎,操作
一下好嗎顯示磁碟空間,操作
查看磁碟使用情況,操作
請幫我顯示隱藏檔案好嗎,操作
一下顯示隱藏檔案？,操作
顯示隱藏檔案？,操作
一下好嗎切換目錄到家目錄,操作
一下好嗎查看記憶體？,操作
幫我查看記憶體好嗎,操作
一下好嗎顯示系統運作時間,操作
一下顯示隱藏檔案好嗎,操作
請幫我查看磁碟使用情況,操作
一下列出目前目錄,操作
一下好嗎顯示磁碟空間,操作
一下查看記憶體？,操作
一下好嗎切換目錄到家目錄好嗎,操作
顯示磁碟空間一下,操作
幫我顯示磁碟空間,操作
一下列出目前目錄,操作
一下好嗎查看磁碟使用情況？,操作
幫我顯示系統運作時間好嗎,操作
請幫我顯示系統運作時間,操作
列出目前目錄好嗎,操作
顯示系統運作時間好嗎,操作
一下查詢目前時間,操作
現在查看磁碟使用情況,操作
幫我列出目前目錄一下,操作
查詢目前時間好嗎,操作
一下顯示隱藏檔案？,操作
顯示磁碟空間,操作
一下查詢目前時間一下,操作
請幫我查看記憶體一下,操作
幫我顯示磁碟空間一下,操作
現在查看磁碟使用情況好嗎,操作
一下列出登入使用者一下,操作
一下好嗎顯示系統運作時間,操作
請幫我查看記憶體好嗎,操作
現在顯示系統運作時間？,操作
一下顯示系統運作時間？,操作
幫我顯示隱藏檔案？,操作
一下列出目前目錄好嗎,操作
請幫我查看磁碟使用情況好嗎,操作
一下列出登入使用者,操作
請幫我顯示隱藏檔案一下,操作
幫我查看磁碟使用情況,操作
幫我列出目前目錄？,操作
幫我重啟電腦好嗎,操作
一下顯示磁碟空間好嗎,操作
一下好嗎列出登入使用者好嗎,操作
查看磁碟使用情況？,操作
請幫我列出登入使用者一下,操作
請幫我顯示隱藏檔案,操作
現在查看磁碟使用情況？,操作
一下好嗎查看記憶體,操作
一下好嗎列出目前目錄,操作
一下好嗎顯示系統運作時間,操作
幫我列出登入使用者一下,操作
一下重啟電腦？,操作
幫我顯示隱藏檔案一下,操作
一下好嗎顯示系統運作時間一下,操作
幫我查看記憶體,操作
請幫我列出目前目錄,操作
現在查詢目前時間一下,操作
列出目前目錄一下,操作
現在查看磁碟使用情況？,操作
幫我查看磁碟使用情況,操作
現在切換目錄到家目錄？,操作
一下重啟電腦好嗎,操作
現在顯示系統運作時間好嗎,操作
一下列出目前目錄？,操作
幫我切換目錄到家目錄,操作
請幫我查看記憶體好嗎,操作
一下好嗎顯示系統運作時間,操作
幫我顯示系統運作時間好嗎,操作
一下重啟電腦一下,操作
現在查看記憶體好嗎,操作
現在查看記憶體,操作
一下顯示磁碟空間好嗎,操作
幫我顯示隱藏檔案好嗎,操作
請幫我列出登入使用者,操作
幫我切換目錄到家目錄好嗎,操作
幫我列出目前目錄,操作
一下好嗎查看磁碟使用情況一下,操作
請幫我查看記憶體,操作
現在查詢目前時間一下,操作
現在顯示隱藏檔案一下,操作
列出目前目錄,操作
一下好嗎重啟電腦,操作
請幫我查看磁碟使用情況,操作
現在切換目錄到家目錄？,操作
一下好嗎查看記憶體一下,操作
現在列出目前目錄,操作
一下好嗎顯示隱藏檔案,操作
一下好嗎顯示磁碟空間,操作
現在列出登入使用者,操作
一下列出目前目錄好嗎,操作
請幫我顯示隱藏檔案,操作
幫我重啟電腦好嗎,操作
列出目前目錄,操作
請幫我顯示磁碟空間,操作
一下好嗎顯示隱藏檔案？,操作
現在顯示隱藏檔案？,操作
一下好嗎列出登入使用者,操作
現在列出登入使用者好嗎,操作
一下列出登入使用者一下,操作
一下顯示系統運作時間,操作
一下顯示系統運作時間一下,操作
一下好嗎查看記憶體好嗎,操作
幫我顯示系統運作時間好嗎,操作
一下好嗎切換目錄到家目錄,操作
一下好嗎顯示隱藏檔案,操作
請幫我顯示系統運作時間好嗎,操作
一下查詢目前時間？,操作
一下好嗎切換目錄到家目錄一下,操作
顯示磁碟空間好嗎,操作
一下好嗎查看磁碟使用情況,操作
查看記憶體好嗎,操作
一下列出目前目錄一下,操作
幫我查看記憶體？,操作
一下好嗎查詢目前時間,操作
請幫我切換目錄到家目錄好嗎,操作
列出目前目錄,操作
一下好嗎重啟電腦？,操作
列出目前目錄好嗎,操作
一下好嗎查看記憶體一下,操作
現在查看磁碟使用情況,操作
列出目前目錄好嗎,操作
幫我顯示磁碟空間一下,操作
請幫我顯示磁碟空間,操作
一下好嗎查看記憶體好嗎,操作
請幫我顯示系統運作時間好嗎,操作
幫我查詢目前時間好嗎,操作
一下查看記憶體一下,操作
幫我列出登入使用者？,操作
查看記憶體？,操作
一下顯示隱藏檔案,操作
一下好嗎顯示隱藏檔案一下,操作
一下列出目前目錄一下,操作
現在切換目錄到家目錄好嗎,操作
顯示系統運作時間？,操作
幫我查看記憶體,操作
現在切換目錄到家目錄好嗎,操作
現在切換目錄到家目錄好嗎,操作
幫我顯示隱藏檔案,操作
一下好嗎切換目錄到家目錄,操作
一下好嗎顯示系統運作時間？,操作
一下好嗎列出目前目錄,操作
請幫我顯示系統運作時間好嗎,操作
請幫我列出登入使用者？,操作
查看記憶體？,操作
一下查看磁碟使用情況一下,操作
請幫我顯示系統運作時間一下,操作
幫我切換目錄到家目錄一下,操作
請幫我列出目前目錄？,操作
請幫我列出登入使用者好嗎,操作
現在列出目前目錄一下,操作
顯示系統運作時間？,操作
請幫我重啟電腦一下,操作
請幫我顯示系統運作時間,操作
一下列出登入使用者一下,操作
查詢目前時間好嗎,操作
一下好嗎列出登入使用者？,操作
一下好嗎重啟電腦,操作
請幫我切換目錄到家目錄好嗎,操作
一下列出登入使用者好嗎,操作
幫我列出登入使用者,操作
幫我列出目前目錄？,操作
請幫我列出目前目錄？,操作
顯示磁碟空間,操作
請幫我重啟電腦好嗎,操作
一下重啟電腦一下,操作
幫我重啟電腦好嗎,操作
現在查看磁碟使用情況,操作
切換目錄到家目錄一下,操作
一下好嗎顯示系統運作時間一下,操作
幫我查看磁碟使用情況好嗎,操作
現在查看磁碟使用情況好嗎,操作
幫我顯示系統運作時間？,操作
查看記憶體？,操作
顯示系統運作時間？,操作
一下好嗎顯示磁碟空間好嗎,操作
顯示系統運作時間好嗎,操作
幫我重啟電腦？,操作
現在列出目前目錄？,操作
幫我重啟電腦一下,操作
幫我列出登入使用者？,操作
幫我查看磁碟使用情況,操作
查詢目前時間？,操作
一下查看記憶體好嗎,操作
請幫我查看磁碟使用情況好嗎,操作
顯示磁碟空間？,操作
請幫我顯示系統運作時間？,操作
請幫我切換目錄到家目錄？,操作
一下好嗎顯示磁碟空間好嗎,操作
現在顯示隱藏檔案？,操作
一下重啟電腦,操作
一下好嗎重啟電腦一下,操作
一下好嗎顯示系統運作時間一下,操作
一下好嗎顯示系統運作時間一下,操作
一下好嗎顯示隱藏檔案,操作
請幫我顯示磁碟空間一下,操作
一下顯示磁碟空間好嗎,操作
一下好嗎顯示隱藏檔案？,操作
現在查看磁碟使用情況一下,操作
一下列出登入使用者一下,操作
幫我顯示磁碟空間一下,操作
一下查詢目前時間？,操作
現在重啟電腦好嗎,操作
現在顯示磁碟空間一下,操作
現在列出目前目錄好嗎,操作
幫我列出目前目錄一下,操作
一下好嗎重啟電腦一下,操作
一下好嗎顯示系統運作時間一下,操作
一下查看磁碟使用情況,操作
一下好嗎顯示系統運作時間？,操作
請幫我列出登入使用者好嗎,操作
查詢目前時間？,操作
請幫我顯示系統運作時間,操作
一下好嗎查詢目前時間,操作
查看記憶體？,操作
現在切換目錄到家目錄,操作
幫我切換目錄到家目錄好嗎,操作
一下切換目錄到家目錄好嗎,操作
一下好嗎顯示隱藏檔案好嗎,操作
請幫我列出登入使用者？,操作
一下好嗎列出目前目錄好嗎,操作
查看磁碟使用情況一下,操作
請幫我查詢目前時間一下,操作
列出登入使用者好嗎,操作
列出登入使用者？,操作
幫我列出目前目錄？,操作
幫我查詢目前時間好嗎,操作
查看磁碟使用情況,操作
現在顯示磁碟空間？,操作
請幫我查看磁碟使用情況？,操作
現在列出登入使用者好嗎,操作
顯示隱藏檔案好嗎,操作
請幫我查看磁碟使用情況好嗎,操作
現在列出目前目錄一下,操作
一下查看磁碟使用情況一下,操作
現在顯示系統運作時間？,操作
列出登入使用者,操作
一下好嗎重啟電腦,操作
請幫我切換目錄到家目錄好嗎,操作
現在列出登入使用者,操作
請幫我列出登入使用者好嗎,操作
現在顯示系統運作時間好嗎,操作
現在顯示磁碟空間好嗎,操作
現在顯示系統運作時間一下,操作
請幫我顯示磁碟空間？,操作
一下好嗎查看磁碟使用情況一下,操作
一下好嗎查詢目前時間？,操作
現在查看記憶體好嗎,操作
現在查看記憶體？,操作
現在查看記憶體好嗎,操作
查詢目前時間,操作
顯示隱藏檔案好嗎,操作
一下查看記憶體,操作
幫我重啟電腦,操作
一下顯示磁碟空間,操作
請幫我切換目錄到家目錄好嗎,操作
請幫我查看磁碟使用情況好嗎,操作
請幫我查詢目前時間好嗎,操作
幫我顯示磁碟空間？,操作
請幫我查詢目前時間,操作
顯示隱藏檔案一下,操作
一下好嗎切換目錄到家目錄？,操作
幫我顯示隱藏檔案？,操作
重啟電腦一下,操作
現在顯示磁碟空間好嗎,操作
請幫我顯示系統運作時間？,操作
現在列出目前目錄一下,操作
列出目前目錄好嗎,操作
幫我查看記憶體一下,操作
一下重啟電腦一下,操作
一下好嗎列出登入使用者好嗎,操作
幫我列出登入使用者好嗎,操作
現在顯示系統運作時間一下,操作
請幫我顯示系統運作時間好嗎,操作
一下列出登入使用者好嗎,操作
請幫我重啟電腦,操作
查看記憶體？,操作
查看磁碟使用情況一下,操作
幫我顯示系統運作時間好嗎,操作
請幫我查看磁碟使用情況一下,操作
一下顯示系統運作時間一下,操作
幫我切換目錄到家目錄一下,操作
現在列出登入使用者一下,操作
一下好嗎查看記憶體？,操作
請幫我切換目錄到家目錄好嗎,操作
切換目錄到家目錄好嗎,操作
幫我切換目錄到家目錄,操作
幫我列出目前目錄？,操作
一下列出目前目錄？,操作
一下好嗎查看記憶體,操作
現在重啟電腦一下,操作
現在查詢目前時間一下,操作
請幫我列出登入使用者一下,操作
一下好嗎重啟電腦好嗎,操作
幫我切換目錄到家目錄？,操作
幫我查看磁碟使用情況好嗎,操作
現在查看記憶體好嗎,操作
幫我查看磁碟使用情況一下,操作
一下列出目前目錄？,操作
一下顯示系統運作時間？,操作
一下好嗎列出登入使用者一下,操作
請幫我顯示系統運作時間好嗎,操作
查詢目前時間一下,操作
一下好嗎顯示系統運作時間好嗎,操作
一下查看記憶體好嗎,操作
請幫我切換目錄到家目錄？,操作
請幫我重啟電腦好嗎,操作
請幫我查看記憶體？,操作
現在顯示隱藏檔案,操作
現在顯示系統運作時間一下,操作
一下好嗎查詢目前時間好嗎,操作
如何查詢磁碟空間一下,教學
一下教學：如何切換到家目錄一下,教學
幫我如何查詢磁碟空間？,教學
幫我怎樣可以查系統開多久一下,教學
幫我教我怎麼看記憶體好嗎,教學
一下好嗎請說明查看磁碟空間的指令,教學
請幫我我要怎麼顯示隱藏檔好嗎,教學
一下教學：如何切換到家目錄,教學
請幫我怎樣可以查系統開多久,教學
一下如何查詢磁碟空間好嗎,教學
一下教我看登入的使用者,教學
一下怎麼重啟系統？,教學
幫我教我看登入的使用者一下,教學
一下怎樣可以查系統開多久一下,教學
一下好嗎我要怎麼顯示隱藏檔好嗎,教學
幫我教我看登入的使用者好嗎,教學
現在如何查詢磁碟空間？,教學
如何查詢磁碟空間好嗎,教學
幫我教我看登入的使用者？,教學
一下怎樣可以查系統開多久？,教學
現在教學：如何切換到家目錄,教學
教學：如何切換到家目錄,教學
我要怎麼顯示隱藏檔一下,教學
怎麼重啟系統好嗎,教學
一下請教我如何切換目錄,教學
幫我怎樣可以查系統開多久,教學
幫我教我怎麼看記憶體,教學
幫我教學：如何切換到家目錄？,教學
請幫我如何查詢磁碟空間好嗎,教學
一下好嗎怎麼重啟系統？,教學
現在請教我如何切換目錄？,教學
怎麼重啟系統好嗎,教學
怎麼知道現在幾點,教學
一下好嗎我要怎麼顯示隱藏檔？,教學
一下好嗎我要怎麼顯示隱藏檔,教學
幫我怎麼知道現在幾點好嗎,教學
現在如何查詢磁碟空間,教學
一下好嗎請說明查看磁碟空間的指令,教學
幫我教我看登入的使用者好嗎,教學
一下好嗎怎麼知道現在幾點？,教學
一下好嗎怎麼重啟系統好嗎,教學
現在我要怎麼顯示隱藏檔一下,教學
幫我如何查詢磁碟空間好嗎,教學
一下教我看登入的使用者一下,教學
幫我請教我如何切換目錄,教學
一下好嗎教學：如何切換到家目錄一下,教學
請幫我怎麼重啟系統？,教學
幫我請教我如何切換目錄,教學
幫我怎麼重啟系統？,教學
請幫我怎麼知道現在幾點？,教學
如何查詢磁碟空間好嗎,教學
幫我怎麼重啟系統好嗎,教學
現在我要怎麼顯示隱藏檔一下,教學
幫我教我怎麼看記憶體好嗎,教學
幫我教我怎麼看記憶體？,教學
現在如何查詢磁碟空間一下,教學
現在怎麼知道現在幾點,教學
請幫我教我看登入的使用者,教學
請幫我請教我如何切換目錄一下,教學
一下怎麼重啟系統好嗎,教學
一下教我怎麼看記憶體一下,教學
幫我如何查詢磁碟空間好嗎,教學
一下教我看登入的使用者好嗎,教學
一下教學：如何切換到家目錄,教學
請幫我怎麼知道現在幾點一下,教學
教我看登入的使用者一下,教學
幫我請說明查看磁碟空間的指令,教學
幫我請教我如何切換目錄一下,教學
怎麼知道現在幾點一下,教學
一下好嗎怎麼知道現在幾點一下,教學
幫我請說明查看磁碟空間的指令？,教學
現在請說明查看磁碟空間的指令？,教學
請幫我教我看登入的使用者,教學
請教我如何切換目錄好嗎,教學
一下如何查詢磁碟空間好嗎,教學
一下好嗎怎麼知道現在幾點,教學
一下好嗎怎麼重啟系統？,教學
一下好嗎怎麼知道現在幾點好嗎,教學
幫我如何查詢磁碟空間？,教學
幫我如何查詢磁碟空間一下,教學
現在教學：如何切換到家目錄？,教學
請幫我教我看登入的使用者好嗎,教學
教學：如何切換到家目錄？,教學
教我看登入的使用者一下,教學
幫我請教我如何切換目錄好嗎,教學
幫我教我看登入的使用者,教學
請幫我教學：如何切換到家目錄好嗎,教學
一下好嗎怎樣可以查系統開多久？,教學
現在教學：如何切換到家目錄,教學
幫我請說明查看磁碟空間的指令好嗎,教學
一下好嗎請說明查看磁碟空間的指令好嗎,教學
請幫我怎麼重啟系統一下,教學
現在請說明查看磁碟空間的指令？,教學
請幫我教我看登入的使用者,教學
現在請教我如何切換目錄好嗎,教學
一下好嗎請教我如何切換目錄？,教學
請教我如何切換目錄好嗎,教學
一下請教我如何切換目錄？,教學
請幫我教我怎麼看記憶體？,教學
現在怎麼重啟系統一下,教學
教我怎麼看記憶體？,教學
請幫我我要怎麼顯示隱藏檔？,教學
現在請教我如何切換目錄好嗎,教學
請教我如何切換目錄,教學
幫我怎麼知道現在幾點？,教學
我要怎麼顯示隱藏檔？,教學
現在請說明查看磁碟空間的指令一下,教學
現在如何查詢磁碟空間,教學
請幫我請教我如何切換目錄好嗎,教學
請幫我怎樣可以查系統開多久好嗎,教學
怎麼知道現在幾點好嗎,教學
幫我如何查詢磁碟空間好嗎,教學
請幫我教學：如何切換到家目錄一下,教學
一下請說明查看磁碟空間的指令好嗎,教學
一下好嗎教我怎麼看記憶體好嗎,教學
教我看登入的使用者好嗎,教學
請幫我怎麼重啟系統？,教學
一下好嗎請教我如何切換目錄？,教學
一下教我怎麼看記憶體？,教學
一下如何查詢磁碟空間,教學
請幫我怎麼重啟系統好嗎,教學
現在怎麼知道現在幾點？,教學
幫我如何查詢磁碟空間？,教學
一下教我怎麼看記憶體？,教學
一下請教我如何切換目錄好嗎,教學
請幫我請說明查看磁碟空間的指令？,教學
一下好嗎請說明查看磁碟空間的指令？,教學
怎麼知道現在幾點,教學
一下怎麼知道現在幾點？,教學
一下請說明查看磁碟空間的指令一下,教學
幫我教學：如何切換到家目錄一下,教學
一下好嗎怎麼重啟系統好嗎,教學
教學：如何切換到家目錄好嗎,教學
請幫我請教我如何切換目錄好嗎,教學
一下好嗎如何查詢磁碟空間,教學
教我怎麼看記憶體,教學
現在如何查詢磁碟空間一下,教學
一下好嗎怎麼知道現在幾點,教學
現在怎麼知道現在幾點一下,教學
教我怎麼看記憶體,教學
幫我教學：如何切換到家目錄一下,教學
現在怎麼知道現在幾點一下,教學
怎樣可以查系統開多久？,教學
現在請說明查看磁碟空間的指令好嗎,教學
一下好嗎教學：如何切換到家目錄？,教學
一下好嗎教我怎麼看記憶體一下,教學
現在怎樣可以查系統開多久？,教學
幫我請教我如何切換目錄好嗎,教學
請幫我教我看登入的使用者,教學
幫我請教我如何切換目錄？,教學
請幫我請教我如何切換目錄好嗎,教學
一下怎麼重啟系統一下,教學
一下好嗎請說明查看磁碟空間的指令,教學
幫我教我看登入的使用者一下,教學
請幫我怎樣可以查系統開多久好嗎,教學
怎麼知道現在幾點？,教學
如何查詢磁碟空間好嗎,教學
幫我教學：如何切換到家目錄？,教學
一下好嗎如何查詢磁碟空間？,教學
一下好嗎教學：如何切換到家目錄好嗎,教學
請幫我教我看登入的使用者好嗎,教學
現在教我怎麼看記憶體好嗎,教學
一下好嗎怎樣可以查系統開多久一下,教學
現在怎麼重啟系統？,教學
怎樣可以查系統開多久？,教學
幫我怎樣可以查系統開多久好嗎,教學
幫我教學：如何切換到家目錄一下,教學
現在如何查詢磁碟空間好嗎,教學
一下教我看登入的使用者？,教學
現在如何查詢磁碟空間一下,教學
幫我怎麼知道現在幾點好嗎,教學
幫我教學：如何切換到家目錄？,教學
一下好嗎怎樣可以查系統開多久好嗎,教學
幫我怎麼重啟系統,教學
一下怎麼重啟系統好嗎,教學
請幫我怎麼知道現在幾點,教學
請幫我請教我如何切換目錄一下,教學
請幫我請說明查看磁碟空間的指令好嗎,教學
現在請教我如何切換目錄,教學
如何查詢磁碟空間？,教學
教我看登入的使用者,教學
一下好嗎我要怎麼顯示隱藏檔,教學
現在教我怎麼看記憶體,教學
一下好嗎教我怎麼看記憶體？,教學
一下好嗎怎樣可以查系統開多久一下,教學
請幫我教學：如何切換到家目錄好嗎,教學
教學：如何切換到家目錄好嗎,教學
一下好嗎教我看登入的使用者,教學
幫我怎麼知道現在幾點一下,教學
一下好嗎請教我如何切換目錄,教學
一下怎樣可以查系統開多久,教學
一下如何查詢磁碟空間？,教學
一下好嗎怎麼重啟系統一下,教學
一下好嗎教我看登入的使用者好嗎,教學
一下好嗎怎樣可以查系統開多久好嗎,教學
請幫我如何查詢磁碟空間一下,教學
請幫我怎樣可以查系統開多久好嗎,教學
請教我如何切換目錄？,教學
請教我如何切換目錄,教學
現在如何查詢磁碟空間好嗎,教學
現在教我怎麼看記憶體一下,教學
請幫我如何查詢磁碟空間好嗎,教學
如何查詢磁碟空間一下,教學
一下我要怎麼顯示隱藏檔一下,教學
幫我怎樣可以查系統開多久好嗎,教學
請幫我怎樣可以查系統開多久好嗎,教學
一下怎樣可以查系統開多久一下,教學
一下我要怎麼顯示隱藏檔？,教學
一下如何查詢磁碟空間？,教學
怎麼重啟系統好嗎,教學
現在請說明查看磁碟空間的指令？,教學
一下怎麼重啟系統,教學
請幫我教我看登入的使用者,教學
幫我教學：如何切換到家目錄,教學
現在怎麼知道現在幾點,教學
請幫我教我看登入的使用者,教學
幫我怎麼重啟系統？,教學
現在我要怎麼顯示隱藏檔？,教學
幫我怎麼知道現在幾點？,教學
幫我請說明查看磁碟空間的指令,教學
請幫我教我怎麼看記憶體好嗎,教學
幫我教我看登入的使用者好嗎,教學
現在教我怎麼看記憶體？,教學
一下請說明查看磁碟空間的指令？,教學
一下好嗎我要怎麼顯示隱藏檔,教學
請幫我請教我如何切換目錄,教學
請幫我請說明查看磁碟空間的指令,教學
現在請教我如何切換目錄好嗎,教學
請幫我教我怎麼看記憶體？,教學
一下教我看登入的使用者？,教學
請幫我教我怎麼看記憶體好嗎,教學
教學：如何切換到家目錄一下,教學
一下如何查詢磁碟空間？,教學
教我看登入的使用者一下,教學
一下好嗎我要怎麼顯示隱藏檔好嗎,教學
一下好嗎教學：如何切換到家目錄？,教學
一下如何查詢磁碟空間好嗎,教學
幫我我要怎麼顯示隱藏檔好嗎,教學
一下好嗎怎樣可以查系統開多久,教學
一下怎樣可以查系統開多久好嗎,教學
一下我要怎麼顯示隱藏檔？,教學
一下教我怎麼看記憶體？,教學
幫我教我看登入的使用者好嗎,教學
現在請說明查看磁碟空間的指令？,教學
一下好嗎請說明查看磁碟空間的指令一下,教學
我要怎麼顯示隱藏檔？,教學
幫我教我看登入的使用者,教學
現在請教我如何切換目錄一下,教學
現在如何查詢磁碟空間好嗎,教學
請幫我請教我如何切換目錄,教學
請幫我教我看登入的使用者,教學
請幫我怎樣可以查系統開多久好嗎,教學
現在教我怎麼看記憶體好嗎,教學
一下好嗎我要怎麼顯示隱藏檔好嗎,教學
怎麼重啟系統好嗎,教學
請幫我教我怎麼看記憶體,教學
幫我教學：如何切換到家目錄一下,教學
現在教我看登入的使用者,教學
一下請教我如何切換目錄,教學
請幫我怎麼重啟系統？,教學
一下教我看登入的使用者一下,教學
一下好嗎教學：如何切換到家目錄一下,教學
一下請說明查看磁碟空間的指令好嗎,教學
請教我如何切換目錄好嗎,教學
請幫我教我看登入的使用者？,教學
請教我如何切換目錄？,教學
如何查詢磁碟空間,教學
幫我教學：如何切換到家目錄一下,教學
現在怎麼知道現在幾點好嗎,教學
一下好嗎怎麼重啟系統一下,教學
教學：如何切換到家目錄？,教學
一下請教我如何切換目錄一下,教學
一下請說明查看磁碟空間的指令一下,教學
現在如何查詢磁碟空間？,教學
幫我請教我如何切換目錄好嗎,教學
幫我請教我如何切換目錄一下,教學
幫我怎麼重啟系統,教學
現在怎樣可以查系統開多久,教學
請幫我怎麼重啟系統,教學
請幫我教我怎麼看記憶體,教學
一下好嗎教我怎麼看記憶體好嗎,教學
請幫我教學：如何切換到家目錄好嗎,教學
請幫我教我看登入的使用者一下,教學
請說明查看磁碟空間的指令好嗎,教學
一下好嗎我要怎麼顯示隱藏檔？,教學
請幫我教我看登入的使用者好嗎,教學
一下如何查詢磁碟空間,教學
請幫我請教我如何切換目錄？,教學
一下如何查詢磁碟空間好嗎,教學
請說明查看磁碟空間的指令？,教學
請幫我如何查詢磁碟空間？,教學
幫我請說明查看磁碟空間的指令好嗎,教學
請幫我怎樣可以查系統開多久,教學
怎麼重啟系統好嗎,教學
幫我怎麼重啟系統好嗎,教學
幫我怎麼知道現在幾點一下,教學
一下怎樣可以查系統開多久好嗎,教學
怎麼重啟系統？,教學
幫我請教我如何切換目錄好嗎,教學
請幫我教我看登入的使用者,教學
現在怎麼重啟系統,教學
請幫我怎麼知道現在幾點？,教學
現在教學：如何切換到家目錄,教學
現在怎麼知道現在幾點？,教學
一下好嗎如何查詢磁碟空間,教學
幫我如何查詢磁碟空間一下,教學
現在教學：如何切換到家目錄一下,教學
教我看登入的使用者好嗎,教學
教我看登入的使用者好嗎,教學
怎麼重啟系統好嗎,教學
幫我我要怎麼顯示隱藏檔,教學
現在怎麼重啟系統一下,教學
幫我我要怎麼顯示隱藏檔一下,教學
請幫我請教我如何切換目錄好嗎,教學
請幫我我要怎麼顯示隱藏檔好嗎,教學
請幫我教學：如何切換到家目錄一下,教學
請幫我怎麼重啟系統好嗎,教學
請幫我教學：如何切換到家目錄,教學
怎麼知道現在幾點,教學
一下如何查詢磁碟空間,教學
請幫我怎麼重啟系統？,教學
現在怎麼重啟系統？,教學
一下好嗎怎樣可以查系統開多久一下,教學
請幫我請教我如何切換目錄,教學
如何查詢磁碟空間好嗎,教學
幫我怎樣可以查系統開多久,教學
怎麼知道現在幾點一下,教學
請幫我怎麼知道現在幾點一下,教學
請說明查看磁碟空間的指令好嗎,教學
幫我請說明查看磁碟空間的指令,教學
現在如何查詢磁碟空間一下,教學
請幫我怎麼重啟系統,教學
幫我教學：如何切換到家目錄一下,教學
現在怎麼知道現在幾點一下,教學
一下請說明查看磁碟空間的指令？,教學
一下教我怎麼看記憶體,教學
幫我我要怎麼顯示隱藏檔一下,教學
現在怎麼知道現在幾點一下,教學
一下好嗎教我怎麼看記憶體？,教學
請教我如何切換目錄？,教學
一下好嗎請教我如何切換目錄好嗎,教學
幫我教我怎麼看記憶體一下,教學
一下教我怎麼看記憶體好嗎,教學
幫我怎麼知道現在幾點,教學
現在怎麼重啟系統,教學
教我怎麼看記憶體,教學
幫我怎麼重啟系統一下,教學
一下怎樣可以查系統開多久？,教學
一下如何查詢磁碟空間？,教學
教學：如何切換到家目錄好嗎,教學
一下如何查詢磁碟空間一下,教學
一下好嗎請教我如何切換目錄,教學
幫我如何查詢磁碟空間,教學
幫我教我看登入的使用者？,教學
現在怎麼重啟系統好嗎,教學
教我怎麼看記憶體,教學
請幫我教我怎麼看記憶體好嗎,教學
現在請教我如何切換目錄？,教學
幫我怎麼重啟系統一下,教學
一下好嗎請說明查看磁碟空間的指令好嗎,教學
請幫我教我怎麼看記憶體？,教學
幫我怎樣可以查系統開多久一下,教學
幫我請說明查看磁碟空間的指令一下,教學
一下請教我如何切換目錄好嗎,教學
一下好嗎怎樣可以查系統開多久,教學
現在怎麼重啟系統？,教學
請教我如何切換目錄？,教學
一下好嗎怎麼知道現在幾點一下,教學
如何查詢磁碟空間一下,教學
幫我請教我如何切換目錄一下,教學
請說明查看磁碟空間的指令好嗎,教學
請幫我怎麼知道現在幾點,教學
一下請說明查看磁碟空間的指令好嗎,教學
我要怎麼顯示隱藏檔？,教學
請幫我怎樣可以查系統開多久一下,教學
一下好嗎我要怎麼顯示隱藏檔？,教學
幫我我要怎麼顯示隱藏檔好嗎,教學
一下好嗎怎麼重啟系統？,教學
請幫我請教我如何切換目錄一下,教學
教我怎麼看記憶體好嗎,教學
現在教我怎麼看記憶體好嗎,教學
請幫我如何查詢磁碟空間一下,教學
現在怎麼知道現在幾點好嗎,教學
一下怎麼知道現在幾點一下,教學
一下好嗎如何查詢磁碟空間,教學
幫我教我怎麼看記憶體一下,教學
幫我請教我如何切換目錄一下,教學
一下請說明查看磁碟空間的指令,教學
一下好嗎如何查詢磁碟空間,教學
一下請說明查看磁碟空間的指令？,教學
幫我如何查詢磁碟空間？,教學
怎麼重啟系統好嗎,教學
請幫我教學：如何切換到家目錄,教學
幫我教學：如何切換到家目錄,教學
一下好嗎我要怎麼顯示隱藏檔？,教學
幫我請說明查看磁碟空間的指令好嗎,教學
一下好嗎教我怎麼看記憶體？,教學
一下好嗎教我看登入的使用者,教學
請幫我教我看登入的使用者好嗎,教學
一下請教我如何切換目錄好嗎,教學
一下好嗎怎樣可以查系統開多久？,教學
幫我請教我如何切換目錄一下,教學
幫我教學：如何切換到家目錄一下,教學
請幫我教學：如何切換到家目錄好嗎,教學
幫我教我看登入的使用者好嗎,教學
現在教我怎麼看記憶體,教學
幫我如何查詢磁碟空間好嗎,教學
一下怎樣可以查系統開多久？,教學
一下教學：如何切換到家目錄好嗎,教學
一下怎樣可以查系統開多久一下,教學
現在我要怎麼顯示隱藏檔好嗎,教學
請幫我請教我如何切換目錄一下,教學
請幫我請說明查看磁碟空間的指令好嗎,教學
幫我如何查詢磁碟空間好嗎,教學
一下怎麼知道現在幾點好嗎,教學
現在教學：如何切換到家目錄？,教學
如何查詢磁碟空間好嗎,教學
教學：如何切換到家目錄好嗎,教學
請幫我教我怎麼看記憶體一下,教學
幫我怎麼知道現在幾點一下,教學
幫我教我怎麼看記憶體？,教學
請幫我怎麼重啟系統,教學
一下好嗎怎樣可以查系統開多久？,教學
一下如何查詢磁碟空間,教學
現在如何查詢磁碟空間,教學
一下好嗎教我怎麼看記憶體？,教學
幫我如何查詢磁碟空間？,教學
一下教學：如何切換到家目錄,教學
教我看登入的使用者好嗎,教學
請幫我教學：如何切換到家目錄一下,教學
現在請說明查看磁碟空間的指令？,教學
請幫我怎麼重啟系統,教學
幫我請說明查看磁碟空間的指令？,教學
一下好嗎怎麼重啟系統好嗎,教學
現在如何查詢磁碟空間,教學
請幫我怎麼重啟系統,教學
請幫我怎麼知道現在幾點？,教學
教學：如何切換到家目錄,教學
一下好嗎教我怎麼看記憶體？,教學
一下好嗎教學：如何切換到家目錄好嗎,教學
幫我教我怎麼看記憶體好嗎,教學
一下好嗎請教我如何切換目錄一下,教學
請教我如何切換目錄好嗎,教學
請幫我怎麼重啟系統？,教學
請教我如何切換目錄？,教學
一下怎麼重啟系統？,教學
如何查詢磁碟空間？,教學
一下怎樣可以查系統開多久？,教學
教我看登入的使用者一下,教學
請說明查看磁碟空間的指令一下,教學
教我看登入的使用者？,教學
現在教學：如何切換到家目錄,教學
請幫我怎麼知道現在幾點？,教學
現在教我怎麼看記憶體,教學
一下好嗎請教我如何切換目錄？,教學
教學：如何切換到家目錄好嗎,教學
一下好嗎教我怎麼看記憶體？,教學
一下好嗎請教我如何切換目錄？,教學
現在教學：如何切換到家目錄一下,教學
現在教我看登入的使用者？,教學
現在怎麼重啟系統好嗎,教學
一下怎麼重啟系統？,教學
請幫我教我怎麼看記憶體？,教學
怎樣可以查系統開多久好嗎,教學
幫我怎麼知道現在幾點,教學
現在請教我如何切換目錄好嗎,教學
請幫我怎麼知道現在幾點好嗎,教學
教學：如何切換到家目錄一下,教學
現在怎樣可以查系統開多久,教學
請幫我教我看登入的使用者好嗎,教學
一下請教我如何切換目錄一下,教學
一下教我怎麼看記憶體？,教學
請說明查看磁碟空間的指令？,教學
現在怎麼知道現在幾點好嗎,教學
一下好嗎我要怎麼顯示隱藏檔？,教學
一下好嗎請教我如何切換目錄一下,教學
教我怎麼看記憶體？,教學
一下怎麼知道現在幾點？,教學
一下好嗎我要怎麼顯示隱藏檔一下,教學
怎麼重啟系統好嗎,教學
一下好嗎教我怎麼看記憶體？,教學
一下好嗎我要怎麼顯示隱藏檔一下,教學
幫我如何查詢磁碟空間？,教學
幫我怎麼重啟系統一下,教學
一下怎麼重啟系統,教學
請幫我怎樣可以查系統開多久一下,教學
現在教學：如何切換到家目錄一下,教學
一下好嗎怎麼知道現在幾點好嗎,教學
現在教學：如何切換到家目錄好嗎,教學
幫我教我看登入的使用者好嗎,教學
如何查詢磁碟空間好嗎,教學
一下怎樣可以查系統開多久一下,教學
請幫我如何查詢磁碟空間好嗎,教學
現在教學：如何切換到家目錄,教學
一下好嗎怎麼知道現在幾點？,教學
我要怎麼顯示隱藏檔？,教學
現在怎麼重啟系統一下,教學
一下好嗎請說明查看磁碟空間的指令？,教學
請幫我教學：如何切換到家目錄,教學
一下好嗎教我怎麼看記憶體？,教學
今天天氣不錯？,聊天
請幫我嗨,聊天
幫我我有點無聊一下,聊天
請幫我今天天氣不錯一下,聊天
一下你吃飯了嗎一下,聊天
最近怎樣？,聊天
幫我在嗎？,聊天
請幫我嗨？,聊天
請幫我最近怎樣一下,聊天
現在你好好嗎,聊天
幫我今天天氣不錯,聊天
一下好嗎你吃飯了嗎一下,聊天
幫我你好,聊天
請幫我我有點無聊？,聊天
一下好嗎你好？,聊天
你好一下,聊天
一下好嗎今天天氣不錯好嗎,聊天
一下好嗎你好一下,聊天
請幫我最近怎樣好嗎,聊天
一下你好？,聊天
請幫我你吃飯了嗎一下,聊天
請幫我你吃飯了嗎,聊天
一下好嗎在嗎一下,聊天
請幫我你會什麼,聊天
請幫我今天天氣不錯一下,聊天
請幫我你會什麼好嗎,聊天
你好,聊天
現在你好一下,聊天
一下好嗎嗨一下,聊天
一下哈囉？,聊天
請幫我在嗎？,聊天
現在最近怎樣？,聊天
幫我你好,聊天
現在我覺得Linux很酷好嗎,聊天
一下好嗎今天天氣不錯,聊天
請幫我你吃飯了嗎好嗎,聊天
一下好嗎你會什麼好嗎,聊天
幫我今天天氣不錯？,聊天
一下好嗎在嗎一下,聊天
一下好嗎嗨,聊天
幫我你吃飯了嗎好嗎,聊天
幫我最近怎樣,聊天
一下好嗎你好一下,聊天
一下好嗎你會什麼,聊天
一下好嗎在嗎,聊天
一下我覺得Linux很酷一下,聊天
幫我你吃飯了嗎？,聊天
一下好嗎今天天氣不錯？,聊天
一下哈囉？,聊天
一下好嗎我有點無聊,聊天
一下好嗎你會什麼？,聊天
幫我今天天氣不錯一下,聊天
嗨一下,聊天
現在你會什麼,聊天
一下哈囉好嗎,聊天
現在你吃飯了嗎？,聊天
一下好嗎在嗎好嗎,聊天
現在我覺得Linux很酷好嗎,聊天
一下最近怎樣一下,聊天
一下今天天氣不錯,聊天
幫我你好好嗎,聊天
一下哈囉一下,聊天
幫我在嗎,聊天
一下最近怎樣,聊天
現在在嗎,聊天
請幫我你會什麼,聊天
現在我有點無聊,聊天
一下好嗎今天天氣不錯？,聊天
一下好嗎嗨？,聊天
請幫我你吃飯了嗎？,聊天
一下好嗎今天天氣不錯,聊天
幫我你吃飯了嗎？,聊天
現在哈囉,聊天
請幫我哈囉,聊天
幫我哈囉一下,聊天
請幫我嗨好嗎,聊天
哈囉？,聊天
一下好嗎哈囉？,聊天
一下好嗎我有點無聊,聊天
一下哈囉？,聊天
現在你會什麼一下,聊天
一下好嗎我覺得Linux很酷？,聊天
請幫我你好？,聊天
現在你好？,聊天
請幫我今天天氣不錯？,聊天
我有點無聊？,聊天
你吃飯了嗎一下,聊天
現在你吃飯了嗎,聊天
請幫我嗨一下,聊天
幫我在嗎一下,聊天
一下我有點無聊,聊天
一下好嗎你會什麼？,聊天
一下好嗎我覺得Linux很酷,聊天
幫我我覺得Linux很酷,聊天
嗨？,聊天
請幫我我覺得Linux很酷一下,聊天
幫我你吃飯了嗎,聊天
一下在嗎,聊天
幫我你吃飯了嗎一下,聊天
請幫我在嗎？,聊天
現在你好一下,聊天
現在你好,聊天
一下好嗎在嗎,聊天
請幫我你會什麼？,聊天
你吃飯了嗎好嗎,聊天
一下好嗎我有點無聊,聊天
請幫我嗨,聊天
請幫我今天天氣不錯好嗎,聊天
請幫我你好？,聊天
我有點無聊好嗎,聊天
幫我我有點無聊一下,聊天
現在嗨？,聊天
一下你會什麼一下,聊天
幫我嗨,聊天
幫我你會什麼好嗎,聊天
幫我我覺得Linux很酷好嗎,聊天
幫我你會什麼一下,聊天
一下好嗎我覺得Linux很酷,聊天
現在在嗎？,聊天
現在在嗎一下,聊天
你會什麼一下,聊天
幫我你吃飯了嗎一下,聊天
現在你會什麼？,聊天
你好？,聊天
一下你吃飯了嗎,聊天
請幫我我覺得Linux很酷？,聊天
一下好嗎你吃飯了嗎？,聊天
現在你吃飯了嗎好嗎,聊天
幫我你會什麼好嗎,聊天
幫我嗨？,聊天
今天天氣不錯好嗎,聊天
一下好嗎今天天氣不錯,聊天
請幫我你好？,聊天
在嗎,聊天
幫我嗨好嗎,聊天
我有點無聊好嗎,聊天
一下今天天氣不錯？,聊天
我有點無聊,聊天
現在在嗎好嗎,聊天
在嗎好嗎,聊天
幫我今天天氣不錯？,聊天
一下好嗎最近怎樣好嗎,聊天
現在我有點無聊,聊天
一下好嗎哈囉,聊天
一下今天天氣不錯？,聊天
請幫我你好,聊天
請幫我你會什麼,聊天
我有點無聊一下,聊天
一下在嗎好嗎,聊天
我覺得Linux很酷,聊天
請幫我你吃飯了嗎,聊天
一下好嗎我有點無聊,聊天
現在我有點無聊好嗎,聊天
現在嗨,聊天
幫我你好好嗎,聊天
幫我最近怎樣？,聊天
一下好嗎你吃飯了嗎,聊天
一下好嗎你吃飯了嗎一下,聊天
現在哈囉好嗎,聊天
一下好嗎今天天氣不錯？,聊天
請幫我嗨？,聊天
一下好嗎嗨一下,聊天
一下你會什麼,聊天
一下好嗎今天天氣不錯？,聊天
一下好嗎你好,聊天
幫我我覺得Linux很酷,聊天
一下好嗎在嗎,聊天
現在你吃飯了嗎好嗎,聊天
一下你好一下,聊天
今天天氣不錯好嗎,聊天
一下好嗎你好,聊天
一下今天天氣不錯？,聊天
請幫我哈囉,聊天
嗨,聊天
現在你吃飯了嗎好嗎,聊天
一下好嗎嗨？,聊天
一下在嗎一下,聊天
現在你吃飯了嗎,聊天
一下好嗎哈囉,聊天
幫我我有點無聊,聊天
請幫我哈囉好嗎,聊天
我覺得Linux很酷好嗎,聊天
請幫我你好一下,聊天
一下在嗎一下,聊天
幫我你好好嗎,聊天
請幫我你會什麼一下,聊天
現在你會什麼好嗎,聊天
一下好嗎今天天氣不錯好嗎,聊天
在嗎？,聊天
一下在嗎一下,聊天
一下好嗎我覺得Linux很酷,聊天
一下好嗎你會什麼好嗎,聊天
哈囉,聊天
一下好嗎哈囉,聊天
請幫我我覺得Linux很酷一下,聊天
一下好嗎今天天氣不錯,聊天
在嗎好嗎,聊天
請幫我你會什麼,聊天
幫我我有點無聊好嗎,聊天
一下好嗎你會什麼一下,聊天
幫我你會什麼,聊天
幫我你吃飯了嗎？,聊天
一下好嗎我覺得Linux很酷好嗎,聊天
幫我我覺得Linux很酷一下,聊天
請幫我哈囉好嗎,聊天
一下好嗎你好好嗎,聊天
現在在嗎好嗎,聊天
現在在嗎一下,聊天
你好好嗎,聊天
幫我嗨一下,聊天
請幫我哈囉一下,聊天
現在在嗎好嗎,聊天
一下你吃飯了嗎,聊天
現在我有點無聊一下,聊天
現在我有點無聊,聊天
幫我我覺得Linux很酷好嗎,聊天
一下我有點無聊,聊天
一下好嗎你吃飯了嗎好嗎,聊天
請幫我哈囉,聊天
現在最近怎樣好嗎,聊天
幫我哈囉？,聊天
現在在嗎,聊天
現在嗨,聊天
你吃飯了嗎好嗎,聊天
你吃飯了嗎？,聊天
一下好嗎你吃飯了嗎一下,聊天
現在我有點無聊一下,聊天
一下好嗎你吃飯了嗎,聊天
哈囉好嗎,聊天
在嗎好嗎,聊天
一下好嗎你會什麼好嗎,聊天
一下好嗎哈囉？,聊天
一下好嗎你會什麼,聊天
一下好嗎你會什麼一下,聊天
一下你會什麼？,聊天
幫我我有點無聊,聊天
一下好嗎今天天氣不錯？,聊天
在嗎一下,聊天
幫我今天天氣不錯？,聊天
你會什麼,聊天
你吃飯了嗎,聊天
最近怎樣一下,聊天
一下好嗎今天天氣不錯？,聊天
在嗎一下,聊天
幫我我有點無聊,聊天
一下我有點無聊一下,聊天
一下你吃飯了嗎好嗎,聊天
請幫我你好一下,聊天
一下好嗎我有點無聊好嗎,聊天
請幫我嗨？,聊天
現在我覺得Linux很酷好嗎,聊天
我有點無聊好嗎,聊天
幫我嗨？,聊天
一下好嗎我有點無聊？,聊天
一下哈囉一下,聊天
現在我有點無聊好嗎,聊天
你吃飯了嗎一下,聊天
一下好嗎我有點無聊好嗎,聊天
請幫我你好一下,聊天
最近怎樣一下,聊天
請幫我你會什麼,聊天
現在你吃飯了嗎一下,聊天
一下好嗎你會什麼？,聊天
現在我有點無聊一下,聊天
你會什麼一下,聊天
幫我我有點無聊好嗎,聊天
嗨一下,聊天
現在你會什麼？,聊天
幫我我覺得Linux很酷,聊天
一下好嗎你吃飯了嗎好嗎,聊天
我覺得Linux很酷,聊天
今天天氣不錯一下,聊天
我有點無聊,聊天
一下好嗎最近怎樣？,聊天
請幫我嗨好嗎,聊天
幫我你會什麼？,聊天
一下好嗎哈囉,聊天
現在你吃飯了嗎？,聊天
請幫我哈囉好嗎,聊天
幫我我有點無聊？,聊天
一下好嗎你好,聊天
我覺得Linux很酷好嗎,聊天
一下嗨？,聊天
幫我嗨一下,聊天
一下嗨？,聊天
現在你好,聊天
現在在嗎？,聊天
請幫我你好一下,聊天
現在最近怎樣好嗎,聊天
一下最近怎樣一下,聊天
請幫我我覺得Linux很酷？,聊天
幫我你會什麼好嗎,聊天
請幫我你會什麼？,聊天
一下好嗎你好一下,聊天
你會什麼？,聊天
現在你好好嗎,聊天
今天天氣不錯好嗎,聊天
請幫我在嗎,聊天
你好一下,聊天
現在我覺得Linux很酷一下,聊天
幫我你會什麼一下,聊天
你好？,聊天
你會什麼好嗎,聊天
幫我哈囉,聊天
現在我覺得Linux很酷好嗎,聊天
一下好嗎你吃飯了嗎,聊天
現在你會什麼好嗎,聊天
一下你會什麼,聊天
現在我有點無聊一下,聊天
一下最近怎樣一下,聊天
一下好嗎今天天氣不錯？,聊天
幫我今天天氣不錯,聊天
幫我嗨好嗎,聊天
今天天氣不錯？,聊天
現在嗨,聊天
請幫我今天天氣不錯好嗎,聊天
你吃飯了嗎？,聊天
一下我有點無聊一下,聊天
你吃飯了嗎,聊天
我有點無聊好嗎,聊天
請幫我我有點無聊？,聊天
嗨,聊天
現在你會什麼一下,聊天
一下今天天氣不錯好嗎,聊天
幫我我覺得Linux很酷,聊天
一下我覺得Linux很酷一下,聊天
幫我最近怎樣,聊天
幫我我有點無聊好嗎,聊天
我有點無聊好嗎,聊天
今天天氣不錯？,聊天
一下嗨,聊天
請幫我你吃飯了嗎？,聊天
請幫我你吃飯了嗎？,聊天
一下好嗎今天天氣不錯？,聊天
一下好嗎我覺得Linux很酷,聊天
幫我你好,聊天
一下好嗎嗨一下,聊天
請幫我我覺得Linux很酷好嗎,聊天
一下我有點無聊好嗎,聊天
幫我在嗎好嗎,聊天
一下今天天氣不錯？,聊天
一下好嗎哈囉,聊天
請幫我在嗎？,聊天
現在我覺得Linux很酷好嗎,聊天
一下你好？,聊天
幫我嗨？,聊天
一下好嗎你好,聊天
一下今天天氣不錯好嗎,聊天
我覺得Linux很酷,聊天
請幫我在嗎一下,聊天
請幫我嗨一下,聊天
嗨,聊天
請幫我你吃飯了嗎一下,聊天
現在今天天氣不錯好嗎,聊天
哈囉一下,聊天
幫我你好,聊天
一下你吃飯了嗎好嗎,聊天
一下在嗎,聊天
一下你會什麼一下,聊天
我覺得Linux很酷一下,聊天
現在嗨,聊天
一下哈囉？,聊天
最近怎樣？,聊天
一下好嗎我覺得Linux很酷,聊天
一下在嗎一下,聊天
一下你好,聊天
幫我在嗎,聊天
一下好嗎你吃飯了嗎,聊天
一下好嗎你吃飯了嗎,聊天
一下好嗎今天天氣不錯,聊天
幫我我有點無聊？,聊天
一下你好好嗎,聊天
幫我最近怎樣一下,聊天
請幫我今天天氣不錯一下,聊天
一下我覺得Linux很酷好嗎,聊天
我覺得Linux很酷好嗎,聊天
一下我有點無聊一下,聊天
幫我在嗎一下,聊天
幫我今天天氣不錯？,聊天
一下好嗎我有點無聊,聊天
一下你好？,聊天
一下好嗎今天天氣不錯好嗎,聊天
一下哈囉一下,聊天
哈囉,聊天
請幫我我覺得Linux很酷,聊天
一下你好？,聊天
請幫我你吃飯了嗎,聊天
請幫我你會什麼？,聊天
現在最近怎樣好嗎,聊天
請幫我我有點無聊？,聊天
一下好嗎哈囉？,聊天
你會什麼,聊天
請幫我你好一下,聊天
現在今天天氣不錯一下,聊天
幫我最近怎樣好嗎,聊天
現在在嗎？,聊天
一下哈囉一下,聊天
幫我你會什麼,聊天
幫我你吃飯了嗎一下,聊天
請幫我在嗎,聊天
請幫我哈囉一下,聊天
一下你吃飯了嗎好嗎,聊天
一下好嗎在嗎一下,聊天
一下嗨好嗎,聊天
你吃飯了嗎好嗎,聊天
今天天氣不錯？,聊天
幫我最近怎樣一下,聊天
一下好嗎哈囉？,聊天
一下你會什麼,聊天
一下我有點無聊好嗎,聊天
一下好嗎你會什麼,聊天
一下好嗎在嗎一下,聊天
請幫我你好一下,聊天
一下你好？,聊天
一下好嗎今天天氣不錯,聊天
我有點無聊？,聊天
幫我最近怎樣一下,聊天
一下你好一下,聊天
現在今天天氣不錯？,聊天
幫我你會什麼好嗎,聊天
嗨好嗎,聊天
現在你會什麼好嗎,聊天
請幫我嗨,聊天
現在最近怎樣,聊天
在嗎,聊天
一下好嗎你會什麼？,聊天
一下好嗎你好好嗎,聊天
一下好嗎你會什麼？,聊天
幫我在嗎,聊天
請幫我你好,聊天
請幫我嗨,聊天
一下好嗎你會什麼一下,聊天
幫我最近怎樣好嗎,聊天
一下好嗎你吃飯了嗎一下,聊天
現在你會什麼,聊天
請幫我今天天氣不錯？,聊天
哈囉好嗎,聊天
一下好嗎哈囉？,聊天
一下好嗎最近怎樣一下,聊天
現在哈囉,聊天
一下今天天氣不錯,聊天
哈囉好嗎,聊天
你吃飯了嗎好嗎,聊天
一下好嗎哈囉,聊天
我覺得Linux很酷,聊天
一下我有點無聊好嗎,聊天
現在你會什麼好嗎,聊天
一下今天天氣不錯一下,聊天
請幫我我有點無聊好嗎,聊天
請幫我我覺得Linux很酷好嗎,聊天
請幫我我有點無聊一下,聊天
請幫我哈囉,聊天
現在你吃飯了嗎好嗎,聊天
我覺得Linux很酷好嗎,聊天
幫我嗨好嗎,聊天
請幫我我覺得Linux很酷好嗎,聊天
一下好嗎哈囉一下,聊天
現在哈囉？,聊天
一下你好,聊天
幫我最近怎樣,聊天
請幫我哈囉一下,聊天
現在你吃飯了嗎好嗎,聊天
我覺得Linux很酷？,聊天
一下今天天氣不錯好嗎,聊天
請幫我今天天氣不錯,聊天
我覺得Linux很酷,聊天
幫我最近怎樣好嗎,聊天
一下好嗎我覺得Linux很酷好嗎,聊天
幫我你會什麼,聊天
一下你會什麼？,聊天
現在在嗎好嗎,聊天
幫我我有點無聊一下,聊天
請幫我哈囉,聊天
在嗎,聊天
現在嗨好嗎,聊天
幫我你吃飯了嗎好嗎,聊天
一下嗨？,聊天
請幫我我有點無聊,聊天
請幫我我有點無聊一下,聊天
一下好嗎你好好嗎,聊天
現在你吃飯了嗎,聊天
我覺得Linux很酷？,聊天
現在今天天氣不錯好嗎,聊天
一下在嗎好嗎,聊天
現在今天天氣不錯？,聊天
幫我你會什麼一下,聊天
請幫我你吃飯了嗎好嗎,聊天
我有點無聊,聊天
幫我哈囉一下,聊天
一下今天天氣不錯,聊天
請幫我我有點無聊,聊天
幫我你吃飯了嗎？,聊天
一下好嗎你吃飯了嗎一下,聊天
一下好嗎嗨,聊天
幫我在嗎一下,聊天
請幫我你會什麼好嗎,聊天
現在哈囉？,聊天
一下你吃飯了嗎好嗎,聊天
請幫我嗨？,聊天
現在哈囉一下,聊天
請幫我幫我修一下系統好嗎,模糊
一下幫我修一下系統一下,模糊
現在這要怎麼弄,模糊
一下好嗎這要怎麼弄好嗎,模糊
請幫我處理一下一下,模糊
一下好嗎不知道為什麼這樣好嗎,模糊
看起來不對勁好嗎,模糊
幫我看起來不對勁一下,模糊
現在看起來不對勁好嗎,模糊
一下好嗎看起來不對勁？,模糊
請幫我不太清楚要做什麼一下,模糊
請幫我那個東西怪怪的,模糊
幫我一下,模糊
請幫我幫我修一下系統,模糊
一下好嗎不太清楚要做什麼？,模糊
一下好嗎幫我修一下系統？,模糊
一下看起來不對勁,模糊
那個東西怪怪的？,模糊
幫我不知道為什麼這樣？,模糊
一下幫我修一下系統好嗎,模糊
一下好嗎處理一下一下,模糊
現在處理一下,模糊
幫我看起來不對勁一下,模糊
請幫我幫我一下好嗎,模糊
一下不太清楚要做什麼,模糊
一下好嗎幫我修一下系統？,模糊
現在不太清楚要做什麼,模糊
一下不知道為什麼這樣一下,模糊
幫我你知道這怎麼處理嗎？,模糊
一下處理一下好嗎,模糊
那個東西怪怪的,模糊
現在這好像壞了一下,模糊
現在不知道為什麼這樣,模糊
現在這要怎麼弄？,模糊
請幫我處理一下一下,模糊
一下好嗎不太清楚要做什麼,模糊
一下好嗎這要怎麼弄,模糊
一下看起來不對勁一下,模糊
一下好嗎這好像壞了好嗎,模糊
一下好嗎看起來不對勁好嗎,模糊
一下看起來不對勁？,模糊
一下不知道為什麼這樣,模糊
一下不太清楚要做什麼,模糊
一下不知道為什麼這樣好嗎,模糊
幫我不知道為什麼這樣好嗎,模糊
現在那個東西怪怪的？,模糊
現在處理一下,模糊
一下好嗎幫我修一下系統好嗎,模糊
一下好嗎幫我一下,模糊
現在不知道為什麼這樣好嗎,模糊
請幫我看起來不對勁,模糊
一下好嗎那個東西怪怪的一下,模糊
現在你知道這怎麼處理嗎好嗎,模糊
現在幫我一下,模糊
請幫我處理一下,模糊
幫我不知道為什麼這樣,模糊
現在這好像壞了好嗎,模糊
幫我那個東西怪怪的好嗎,模糊
一下好嗎幫我修一下系統好嗎,模糊
幫我這好像壞了一下,模糊
幫我這要怎麼弄,模糊
一下幫我一下？,模糊
不太清楚要做什麼,模糊
不知道為什麼這樣一下,模糊
現在幫我一下,模糊
一下好嗎不知道為什麼這樣？,模糊
幫我這好像壞了一下,模糊
一下這要怎麼弄？,模糊
一下好嗎你知道這怎麼處理嗎好嗎,模糊
一下處理一下好嗎,模糊
一下好嗎不知道為什麼這樣好嗎,模糊
請幫我這要怎麼弄好嗎,模糊
請幫我那個東西怪怪的好嗎,模糊
請幫我你知道這怎麼處理嗎好嗎,模糊
幫我處理一下一下,模糊
你知道這怎麼處理嗎一下,模糊
請幫我這要怎麼弄好嗎,模糊
不太清楚要做什麼好嗎,模糊
請幫我那個東西怪怪的？,模糊
一下好嗎你知道這怎麼處理嗎一下,模糊
一下好嗎這好像壞了好嗎,模糊
一下好嗎不太清楚要做什麼好嗎,模糊
一下好嗎不知道為什麼這樣好嗎,模糊
現在你知道這怎麼處理嗎,模糊
幫我你知道這怎麼處理嗎,模糊
現在不太清楚要做什麼一下,模糊
你知道這怎麼處理嗎好嗎,模糊
請幫我這好像壞了好嗎,模糊
現在這要怎麼弄？,模糊
現在幫我一下一下,模糊
幫我不太清楚要做什麼好嗎,模糊
一下好嗎那個東西怪怪的好嗎,模糊
現在這要怎麼弄？,模糊
一下這要怎麼弄,模糊
幫我那個東西怪怪的,模糊
一下你知道這怎麼處理嗎一下,模糊
幫我看起來不對勁好嗎,模糊
一下好嗎幫我修一下系統一下,模糊
幫我不太清楚要做什麼一下,模糊
請幫我那個東西怪怪的一下,模糊
一下這好像壞了,模糊
你知道這怎麼處理嗎一下,模糊
一下好嗎那個東西怪怪的好嗎,模糊
一下好嗎這好像壞了好嗎,模糊
一下好嗎看起來不對勁好嗎,模糊
不知道為什麼這樣？,模糊
一下好嗎你知道這怎麼處理嗎？,模糊
幫我幫我一下？,模糊
一下不太清楚要做什麼好嗎,模糊
幫我幫我修一下系統好嗎,模糊
一下好嗎你知道這怎麼處理嗎好嗎,模糊
看起來不對勁,模糊
一下處理一下好嗎,模糊
現在幫我修一下系統一下,模糊
一下幫我一下,模糊
一下那個東西怪怪的好嗎,模糊
這要怎麼弄,模糊
一下看起來不對勁一下,模糊
不知道為什麼這樣好嗎,模糊
請幫我幫我一下,模糊
幫我幫我修一下系統？,模糊
這好像壞了好嗎,模糊
幫我處理一下一下,模糊
現在不知道為什麼這樣好嗎,模糊
一下好嗎處理一下一下,模糊
一下那個東西怪怪的一下,模糊
現在這要怎麼弄好嗎,模糊
幫我不知道為什麼這樣好嗎,模糊
一下好嗎你知道這怎麼處理嗎？,模糊
幫我幫我修一下系統一下,模糊
一下好嗎你知道這怎麼處理嗎一下,模糊
請幫我不知道為什麼這樣？,模糊
幫我這好像壞了好嗎,模糊
幫我看起來不對勁好嗎,模糊
現在處理一下好嗎,模糊
幫我看起來不對勁一下,模糊
幫我修一下系統？,模糊
不太清楚要做什麼一下,模糊
現在幫我修一下系統好嗎,模糊
一下好嗎你知道這怎麼處理嗎,模糊
一下幫我一下一下,模糊
一下幫我修一下系統好嗎,模糊
這要怎麼弄一下,模糊
現在處理一下,模糊
現在你知道這怎麼處理嗎好嗎,模糊
現在這好像壞了一下,模糊
幫我一下,模糊
一下這好像壞了一下,模糊
一下這好像壞了？,模糊
幫我幫我修一下系統好嗎,模糊
一下好嗎幫我修一下系統？,模糊
現在幫我修一下系統,模糊
幫我處理一下？,模糊
請幫我幫我一下？,模糊
一下這好像壞了好嗎,模糊
一下好嗎幫我一下好嗎,模糊
一下處理一下好嗎,模糊
現在幫我一下一下,模糊
一下好嗎你知道這怎麼處理嗎一下,模糊
一下這要怎麼弄好嗎,模糊
不太清楚要做什麼,模糊
一下好嗎不太清楚要做什麼好嗎,模糊
一下好嗎幫我一下,模糊
一下不太清楚要做什麼？,模糊
一下好嗎看起來不對勁,模糊
幫我處理一下好嗎,模糊
一下看起來不對勁一下,模糊
現在不太清楚要做什麼好嗎,模糊
現在幫我修一下系統好嗎,模糊
幫我這要怎麼弄,模糊
看起來不對勁？,模糊
現在處理一下好嗎,模糊
一下好嗎你知道這怎麼處理嗎好嗎,模糊
一下幫我修一下系統,模糊
現在不知道為什麼這樣一下,模糊
這要怎麼弄好嗎,模糊
一下幫我一下,模糊
請幫我幫我修一下系統好嗎,模糊
一下幫我一下一下,模糊
幫我那個東西怪怪的一下,模糊
現在不知道為什麼這樣,模糊
一下好嗎處理一下？,模糊
現在這好像壞了？,模糊
幫我看起來不對勁一下,模糊
幫我一下一下,模糊
這要怎麼弄,模糊
那個東西怪怪的？,模糊
請幫我處理一下？,模糊
幫我這好像壞了一下,模糊
不知道為什麼這樣好嗎,模糊
一下你知道這怎麼處理嗎好嗎,模糊
不太清楚要做什麼好嗎,模糊
一下那個東西怪怪的？,模糊
一下好嗎不知道為什麼這樣好嗎,模糊
幫我修一下系統好嗎,模糊
你知道這怎麼處理嗎,模糊
一下幫我一下一下,模糊
請幫我不知道為什麼這樣好嗎,模糊
一下好嗎這好像壞了？,模糊
幫我不知道為什麼這樣,模糊
現在幫我修一下系統一下,模糊
一下幫我一下,模糊
請幫我不太清楚要做什麼好嗎,模糊
一下看起來不對勁好嗎,模糊
看起來不對勁？,模糊
請幫我幫我修一下系統？,模糊
一下好嗎你知道這怎麼處理嗎,模糊
幫我修一下系統好嗎,模糊
現在不太清楚要做什麼一下,模糊
一下好嗎幫我修一下系統好嗎,模糊
請幫我你知道這怎麼處理嗎,模糊
現在不知道為什麼這樣一下,模糊
一下幫我一下一下,模糊
現在幫我修一下系統好嗎,模糊
一下處理一下？,模糊
一下好嗎這要怎麼弄,模糊
現在幫我修一下系統,模糊
一下不知道為什麼這樣好嗎,模糊
一下這好像壞了一下,模糊
一下好嗎這要怎麼弄,模糊
現在幫我一下？,模糊
現在那個東西怪怪的一下,模糊
這要怎麼弄一下,模糊
現在幫我修一下系統一下,模糊
那個東西怪怪的,模糊
請幫我那個東西怪怪的,模糊
看起來不對勁,模糊
現在這好像壞了？,模糊
一下幫我一下好嗎,模糊
一下好嗎幫我一下一下,模糊
請幫我看起來不對勁一下,模糊
你知道這怎麼處理嗎好嗎,模糊
請幫我這要怎麼弄一下,模糊
現在你知道這怎麼處理嗎？,模糊
請幫我處理一下？,模糊
一下好嗎你知道這怎麼處理嗎？,模糊
現在看起來不對勁好嗎,模糊
一下你知道這怎麼處理嗎？,模糊
請幫我處理一下好嗎,模糊
請幫我不知道為什麼這樣一下,模糊
一下好嗎這要怎麼弄一下,模糊
幫我這要怎麼弄好嗎,模糊
一下你知道這怎麼處理嗎好嗎,模糊
一下看起來不對勁？,模糊
一下好嗎幫我一下？,模糊
一下好嗎這要怎麼弄一下,模糊
現在這要怎麼弄好嗎,模糊
幫我看起來不對勁？,模糊
幫我你知道這怎麼處理嗎一下,模糊
幫我這好像壞了,模糊
一下你知道這怎麼處理嗎？,模糊
幫我你知道這怎麼處理嗎一下,模糊
一下幫我一下？,模糊
一下好嗎那個東西怪怪的好嗎,模糊
幫我幫我一下一下,模糊
請幫我這好像壞了,模糊
幫我這要怎麼弄好嗎,模糊
請幫我看起來不對勁一下,模糊
請幫我處理一下一下,模糊
幫我幫我一下一下,模糊
幫我處理一下？,模糊
現在你知道這怎麼處理嗎？,模糊
幫我不知道為什麼這樣好嗎,模糊
現在看起來不對勁？,模糊
一下你知道這怎麼處理嗎一下,模糊
請幫我不太清楚要做什麼,模糊
一下好嗎不知道為什麼這樣,模糊
請幫我那個東西怪怪的,模糊
現在這好像壞了,模糊
不太清楚要做什麼好嗎,模糊
幫我幫我修一下系統？,模糊
幫我幫我一下一下,模糊
處理一下一下,模糊
不知道為什麼這樣一下,模糊
這好像壞了一下,模糊
現在看起來不對勁好嗎,模糊
一下好嗎看起來不對勁？,模糊
現在這好像壞了？,模糊
請幫我不太清楚要做什麼好嗎,模糊
幫我修一下系統一下,模糊
幫我幫我一下？,模糊
現在幫我修一下系統一下,模糊
那個東西怪怪的一下,模糊
那個東西怪怪的？,模糊
一下幫我修一下系統,模糊
現在幫我修一下系統？,模糊
請幫我那個東西怪怪的？,模糊
現在你知道這怎麼處理嗎？,模糊
一下看起來不對勁,模糊
一下好嗎不太清楚要做什麼好嗎,模糊
一下好嗎幫我一下一下,模糊
一下這好像壞了,模糊
請幫我這好像壞了好嗎,模糊
一下這要怎麼弄？,模糊
一下好嗎不知道為什麼這樣一下,模糊
一下不知道為什麼這樣,模糊
一下好嗎幫我一下一下,模糊
一下這好像壞了好嗎,模糊
一下處理一下？,模糊
一下好嗎處理一下？,模糊
處理一下？,模糊
請幫我你知道這怎麼處理嗎好嗎,模糊
現在處理一下？,模糊
幫我這要怎麼弄一下,模糊
請幫我處理一下？,模糊
一下好嗎看起來不對勁,模糊
現在這要怎麼弄？,模糊
請幫我這好像壞了一下,模糊
幫我看起來不對勁一下,模糊
請幫我幫我修一下系統好嗎,模糊
這好像壞了一下,模糊
請幫我處理一下好嗎,模糊
一下好嗎那個東西怪怪的,模糊
現在你知道這怎麼處理嗎好嗎,模糊
現在你知道這怎麼處理嗎,模糊
現在不知道為什麼這樣好嗎,模糊
一下好嗎幫我修一下系統一下,模糊
一下好嗎你知道這怎麼處理嗎？,模糊
現在那個東西怪怪的,模糊
這好像壞了一下,模糊
一下不知道為什麼這樣？,模糊
現在你知道這怎麼處理嗎？,模糊
幫我不太清楚要做什麼,模糊
處理一下,模糊
現在處理一下,模糊
一下好嗎幫我修一下系統,模糊
請幫我幫我一下,模糊
一下好嗎這要怎麼弄,模糊
現在不太清楚要做什麼好嗎,模糊
請幫我看起來不對勁好嗎,模糊
請幫我不知道為什麼這樣？,模糊
幫我處理一下？,模糊
幫我那個東西怪怪的好嗎,模糊
現在這好像壞了一下,模糊
幫我幫我修一下系統一下,模糊
現在幫我修一下系統好嗎,模糊
幫我不知道為什麼這樣？,模糊
幫我不太清楚要做什麼？,模糊
現在這要怎麼弄,模糊
請幫我那個東西怪怪的一下,模糊
幫我幫我一下好嗎,模糊
現在不太清楚要做什麼一下,模糊
一下處理一下一下,模糊
幫我這要怎麼弄？,模糊
請幫我幫我一下,模糊
現在幫我修一下系統好嗎,模糊
一下看起來不對勁？,模糊
一下不太清楚要做什麼,模糊
請幫我幫我修一下系統？,模糊
幫我修一下系統,模糊
現在看起來不對勁？,模糊
一下幫我一下好嗎,模糊
不知道為什麼這樣好嗎,模糊
一下好嗎不太清楚要做什麼？,模糊
看起來不對勁？,模糊
請幫我這好像壞了？,模糊
請幫我看起來不對勁？,模糊
請幫我你知道這怎麼處理嗎,模糊
一下好嗎不知道為什麼這樣？,模糊
幫我處理一下,模糊
請幫我那個東西怪怪的？,模糊
幫我看起來不對勁好嗎,模糊
一下好嗎看起來不對勁好嗎,模糊
請幫我不知道為什麼這樣？,模糊
請幫我幫我一下好嗎,模糊
幫我一下？,模糊
一下看起來不對勁,模糊
現在處理一下一下,模糊
一下好嗎看起來不對勁一下,模糊
看起來不對勁一下,模糊
幫我一下一下,模糊
一下好嗎那個東西怪怪的？,模糊
幫我那個東西怪怪的？,模糊
一下你知道這怎麼處理嗎,模糊
現在不知道為什麼這樣一下,模糊
一下好嗎看起來不對勁？,模糊
一下不太清楚要做什麼,模糊
請幫我不太清楚要做什麼,模糊
這要怎麼弄,模糊
現在不知道為什麼這樣,模糊
一下處理一下？,模糊
一下好嗎處理一下一下,模糊
請幫我不太清楚要做什麼一下,模糊
幫我那個東西怪怪的,模糊
現在這好像壞了？,模糊
請幫我這要怎麼弄好嗎,模糊
你知道這怎麼處理嗎,模糊
請幫我看起來不對勁？,模糊
看起來不對勁,模糊
一下好嗎那個東西怪怪的？,模糊
看起來不對勁？,模糊
一下好嗎這好像壞了一下,模糊
請幫我那個東西怪怪的？,模糊
一下好嗎這好像壞了一下,模糊
幫我不知道為什麼這樣,模糊
一下這好像壞了好嗎,模糊
一下這要怎麼弄？,模糊
現在不太清楚要做什麼？,模糊
一下好嗎那個東西怪怪的？,模糊
請幫我你知道這怎麼處理嗎好嗎,模糊
一下好嗎你知道這怎麼處理嗎好嗎,模糊
一下你知道這怎麼處理嗎一下,模糊
這要怎麼弄？,模糊
現在不太清楚要做什麼,模糊
不知道為什麼這樣？,模糊
現在這要怎麼弄一下,模糊
一下好嗎這要怎麼弄,模糊
請幫我處理一下,模糊
不知道為什麼這樣一下,模糊
一下好嗎幫我一下好嗎,模糊
這好像壞了？,模糊
現在這好像壞了好嗎,模糊
幫我幫我一下一下,模糊
請幫我不知道為什麼這樣,模糊
現在這好像壞了好嗎,模糊
這好像壞了好嗎,模糊
一下好嗎你知道這怎麼處理嗎好嗎,模糊
現在這好像壞了？,模糊
幫我這要怎麼弄,模糊
一下好嗎幫我一下好嗎,模糊
現在不知道為什麼這樣好嗎,模糊
幫我一下？,模糊
一下好嗎不太清楚要做什麼一下,模糊
一下好嗎不知道為什麼這樣一下,模糊
幫我修一下系統好嗎,模糊
一下好嗎看起來不對勁一下,模糊
現在幫我修一下系統一下,模糊
幫我看起來不對勁？,模糊
一下那個東西怪怪的？,模糊
這好像壞了,模糊
請幫我看起來不對勁？,模糊
一下不知道為什麼這樣？,模糊
請幫我不太清楚要做什麼？,模糊
請幫我幫我修一下系統好嗎,模糊
看起來不對勁？,模糊
一下好嗎這要怎麼弄好嗎,模糊
幫我那個東西怪怪的,模糊
幫我這要怎麼弄？,模糊
請幫我不知道為什麼這樣？,模糊
現在處理一下好嗎,模糊
一下好嗎處理一下好嗎,模糊
一下好嗎你知道這怎麼處理嗎好嗎,模糊
請幫我看起來不對勁一下,模糊
請幫我處理一下好嗎,模糊
幫我這要怎麼弄？,模糊
一下處理一下,模糊
請幫我處理一下好嗎,模糊
一下好嗎不太清楚要做什麼好嗎,模糊
一下那個東西怪怪的,模糊
現在不太清楚要做什麼,模糊
一下不太清楚要做什麼好嗎,模糊
一下你知道這怎麼處理嗎一下,模糊
一下不太清楚要做什麼,模糊
幫我這要怎麼弄好嗎,模糊
現在幫我一下？,模糊
看起來不對勁,模糊
現在幫我修一下系統一下,模糊
請幫我看起來不對勁？,模糊
看起來不對勁好嗎,模糊
現在那個東西怪怪的好嗎,模糊
幫我看起來不對勁一下,模糊
一下好嗎這好像壞了好嗎,模糊
幫我修一下系統？,模糊
幫我這好像壞了好嗎,模糊
幫我修一下系統好嗎,模糊
處理一下好嗎,模糊
現在看起來不對勁好嗎,模糊
不太清楚要做什麼？,模糊
幫我這好像壞了一下,模糊
一下幫我一下好嗎,模糊
幫我不太清楚要做什麼好嗎,模糊
幫我修一下系統好嗎,模糊
一下幫我一下好嗎,模糊
這好像壞了？,模糊
一下這要怎麼弄一下,模糊
現在看起來不對勁,模糊
幫我幫我修一下系統,模糊
一下好嗎那個東西怪怪的,模糊
現在幫我修一下系統一下,模糊
現在看起來不對勁？,模糊
一下好嗎看起來不對勁一下,模糊
請幫我幫我一下好嗎,模糊
一下好嗎不知道為什麼這樣好嗎,模糊
請幫我幫我修一下系統,模糊
幫我一下好嗎,模糊
那個東西怪怪的,模糊
幫我幫我修一下系統？,模糊
一下好嗎這要怎麼弄一下,模糊
處理一下,模糊
看起來不對勁好嗎,模糊
現在不太清楚要做什麼一下,模糊
幫我不知道為什麼這樣？,模糊
一下那個東西怪怪的一下,模糊
一下這好像壞了一下,模糊
請幫我處理一下一下,模糊
這要怎麼弄,模糊
現在那個東西怪怪的一下,模糊
幫我這要怎麼弄一下,模糊
幫我幫我一下一下,模糊
一下好嗎你知道這怎麼處理嗎？,模糊
查看系統時間,操作  
重啟我的機器,操作  
請幫我列出目前資料夾,操作  
我要回家目錄,操作  
顯示所有檔案,操作  
檢查有誰登入了,操作  
我想知道系統已經開多久了,操作  
執行 uptime,操作  
把目前位置顯示出來,操作  
清單目前的檔案,操作  
我要看磁碟空間還有多少,操作  
列出現在的資料夾內容,操作  
請問目前在哪個資料夾,操作  
切換回 home 資料夾,操作  
我想重新開機,操作  
幫我重啟一下,操作  
開機到現在過了多久,操作  
我想切到使用者目錄,操作  
ls 一下,操作  
用 df 看一下磁碟,操作
怎麼看記憶體剩多少,教學  
請教我如何使用 top 指令,教學  
怎麼列出隱藏檔案,教學  
你可以教我怎麼查系統時間嗎,教學  
請說明如何查看目前目錄,教學  
我不懂 df -h 是什麼意思,教學  
可不可以教我 reboot 怎麼用,教學  
請說明 pwd 有什麼作用,教學  
教一下如何回到家目錄,教學  
請問要怎麼用 uptime,教學  
切換目錄的方式有哪些,教學  
你能解釋 who 指令嗎,教學  
top 是幹嘛用的,教學  
請介紹一下 free -h,教學  
我要學 cd 怎麼用,教學  
想知道 ls -a 的差異,教學  
教我基本的查詢指令,教學  
我不會看登入紀錄,教學  
請你用簡單方式教我看目前資料夾,教學  
教學：如何查看目前目錄,教學
你好嗎,聊天  
最近天氣怎樣,聊天  
你今天過得好嗎,聊天  
謝謝你,聊天  
幫我加油一下,聊天  
我只是想和你說聲哈囉,聊天  
我心情不好,聊天  
和你聊天真開心,聊天  
你會累嗎,聊天  
給我點鼓勵吧,聊天  
我們可以聊聊天嗎,聊天  
你有名字嗎,聊天  
你好神奇喔,聊天  
你在做什麼,聊天  
你是誰呀,聊天  
我想知道你的功能,聊天  
你能陪我聊天嗎,聊天  
你可以講笑話嗎,聊天  
說點有趣的事吧,聊天  
安安,聊天
那個怎麼用,模糊  
我想要一些幫助,模糊  
幫我弄一下系統的東西,模糊  
可以處理一下嗎,模糊  
幫我弄一下這個,模糊  
你知道那個東西嗎,模糊  
我忘了那個指令,模糊  
你可不可以弄一個什麼,模糊  
幫我查一下某個東西,模糊  
搞定一下那個功能,模糊  
有點搞不清楚耶,模糊  
幫我弄好就對了,模糊  
什麼指令我不太記得了,模糊  
弄那個東西,模糊  
不知道怎麼講,模糊  
就是那個啦,模糊  
看能不能用一下那個,模糊  
幫我看看那個狀況,模糊  
操作一下你覺得該操作的,模糊  
你應該知道我要幹嘛,模糊
